Status,IPAddress,Progress,Duration (in seconds),Finished,RecordedDate,ResponseId,RecipientLastName,RecipientFirstName,RecipientEmail,ExternalReference,LocationLatitude,LocationLongitude,DistributionChannel,UserLanguage,Q140,Q158,GMSI_1_1,GMSI_2_1,GMSI_3_1,GMSI_4_1,GMSI_5_1,GMSI_6_1,GMSI_7_1,GMSI_8_1,GMSI_9_1,GMSI_10_1,GMSI_11_1,GMSI_12_1,GMSI_13_1,GMSI_14_1,GMSI_15_1,GMSI_16_1,GMSI_17_1,GMSI_18_1,GMSI_19_1,GMSI_20_1,GMSI_21_1,GMSI_22_1,GMSI_23_1,GMSI_24_1,GMSI_25_1,GMSI_26_1,GMSI_27_1,GMSI_28_1,GMSI_29_1,GMSI_30_1,GMSI_31_1,Qcheck,GMSI_32,GMSI_33,GMSI_34,GMSI_35,GMSI_36,GMSI_37,GMSI_38,GMSI_39,PAS_1,PAS_2,PAS_3,PAS_4,PAS_5,PAS_6,PAS_7,PAS_8,PAS_9,PAS_10,PAS_11,PAS_12,PAS_13,PAS_14,PAS_15,PAS_16,PAS_17,PAS_18,PAS_19,PAS_20,PAS_21,PAS_22,PAS_23,PAS_24,PAS_25,PAS_26,PAS_27,PAS_28,PAS_29,PAS_30,PAS_31,PAS_32,PAS_33,PAS_34,PAS_35,PAS_36,PAS_37,PAS_38,PAS_39,PAS_40,PAS_41,PAS_42,PAS_43,PAS_44,PAS_45,PAS_46,PAS_47,PAS_48,PAS_49,PAS_50,PAS_51,PAS_52,PAS_53,PAS_54,PAS_55,PAS_56,catch,PAS_57,PAS_58,PAS_59,PAS_60,PAS_61,catch,PROLIFIC_PID
0,155.33.131.22,100,215,1,8/1/23 14:39,R_1dsm1yk6BKkdE1q,,,,,42.3427,-71.0922,anonymous,EN,1,k,6,5,5,5,3,7,6,6,2,5,5,5,5,5,5,4,4,4,4,4,4,4,4,4,4,4,4,5,2,6,3,2,5,2,3,5,5,7,7,voice,1,1,1,1,1,1,1,1,1,1,1,1,1,1,1,1,1,1,1,1,1,1,1,2,1,1,2,2,1,2,2,2,1,1,1,2,2,2,1,1,2,1,2,1,1,2,2,2,1,2,1,2,2,2,2,2,6,2,2,1,2,1,5,
0,66.108.19.88,100,227,1,8/1/23 16:33,R_2aWGA5ZFKFEktZR,,,,,40.7123,-74.0068,anonymous,EN,1,581d38509b5b8800014d507e,7,7,7,5,7,7,7,7,1,6,1,7,1,1,7,7,7,7,7,7,1,7,1,7,1,7,1,7,7,10,7,2,7,5,5,1,3,5,7,voice,1,1,1,1,2,2,1,2,2,2,2,2,2,2,2,2,2,1,2,1,2,2,1,1,2,2,2,2,1,1,2,2,1,1,1,1,1,1,1,2,1,2,2,1,1,1,2,1,2,2,2,1,1,2,2,2,6,1,1,1,1,1,5,581d38509b5b8800014d507e
0,73.171.130.79,100,386,1,8/1/23 16:36,R_3fZYYy8giotCawe,,,,,31.1805,-81.4961,anonymous,EN,1,645906dc264ac9eb66b7f3ec,3,4,1,1,1,1,1,1,4,1,1,1,1,1,1,1,1,1,1,4,7,1,1,1,1,1,1,1,1,4,4,2,1,1,1,1,1,1,1,none,1,1,1,2,2,1,1,2,2,1,1,2,2,1,2,2,1,1,1,1,1,1,2,1,2,2,2,2,1,2,1,2,2,1,1,2,2,1,2,2,2,1,2,1,1,1,2,2,1,2,2,1,1,1,1,2,6,1,2,1,1,1,5,645906dc264ac9eb66b7f3ec
0,172.58.59.109,100,383,1,8/1/23 16:36,R_0olVYpdKeeyK6ZP,,,,,39.7388,-104.9868,anonymous,EN,1,63b6bd97e7629019b6f894da,7,7,7,1,7,7,2,7,1,5,1,7,1,1,7,7,5,7,7,7,1,4,7,7,7,7,3,7,7,7,7,2,5,5,3,4,5,2,7,Voice,1,1,1,1,2,2,1,1,2,2,2,2,2,2,2,2,2,1,2,2,2,2,1,1,2,1,2,2,1,2,1,2,1,1,1,1,2,1,1,1,1,1,2,1,1,1,2,2,2,1,2,1,2,2,2,2,6,1,1,1,1,1,5,63b6bd97e7629019b6f894da
0,185.74.168.174,100,493,1,8/1/23 16:38,R_smRhHrQNkIHEZJT,,,,,45.6574,-68.7102,anonymous,EN,1,5bf368846edd7200017136c7,3,6,2,2,7,7,2,2,1,6,1,7,1,1,2,7,1,7,5,7,7,7,1,3,6,7,1,3,3,4,7,2,7,3,1,7,7,2,4,piano,1,2,1,1,1,1,1,2,2,2,2,2,2,2,2,2,2,1,1,2,2,2,2,1,2,1,1,2,1,2,2,1,2,1,2,1,2,1,1,1,2,2,2,2,1,2,2,1,2,1,2,1,2,2,2,1,6,1,1,1,1,1,5,5bf368846edd7200017136c7
0,107.128.2.67,100,451,1,8/1/23 16:39,R_4HEXPwIHfEe4YY9,,,,,29.4227,-98.4927,anonymous,EN,1,5e1f8fbfb202032c463f3e06,3,4,2,4,5,6,5,2,1,6,3,4,3,4,2,5,1,4,4,7,7,5,3,4,3,4,6,2,3,4,7,2,1,1,2,1,4,3,1,voice,2,1,1,2,2,2,1,2,1,1,2,2,2,2,2,2,2,1,2,2,2,2,2,1,2,2,1,2,1,1,2,2,1,1,1,1,1,1,1,1,1,2,2,1,1,1,2,1,2,2,2,1,2,2,2,2,6,1,1,1,1,1,5,5e1f8fbfb202032c463f3e06
0,73.159.242.90,100,412,1,8/1/23 16:39,R_1P4QF6UVg5uPvQZ,,,,,41.5557,-72.6632,anonymous,EN,1,6400d91626a7ff50dffaadd0,3,2,1,2,4,4,3,4,3,1,5,2,3,6,4,4,3,3,2,4,6,3,6,3,6,6,7,6,3,5,6,2,3,2,1,1,4,1,2,violin,1,1,1,1,2,1,1,2,2,2,2,2,2,1,2,2,2,1,2,1,2,2,2,1,2,2,2,2,1,1,2,2,1,1,1,1,1,1,1,2,1,2,2,1,1,1,2,1,2,2,2,1,2,1,1,2,6,1,1,1,1,1,5,6400d91626a7ff50dffaadd0
0,73.202.123.171,100,493,1,8/1/23 16:39,R_QfQ0viOJd79MuWd,,,,,38.4116,-122.7332,anonymous,EN,1,5be8dab5d153f500019ab320,5,7,2,1,4,5,5,6,1,2,2,6,6,6,6,7,6,7,7,7,3,7,3,7,7,7,6,7,2,4,7,2,3,2,3,1,3,3,2,piano,1,1,1,1,2,2,1,2,2,2,2,2,2,2,2,2,2,1,2,1,2,2,2,1,2,2,2,2,1,1,2,2,1,1,1,1,1,1,1,2,1,2,2,1,2,1,2,1,2,2,2,1,2,2,2,2,6,1,1,1,1,1,5,5be8dab5d153f500019ab320
0,66.66.148.164,100,613,1,8/1/23 16:39,R_bl8tRZQVgeSLPBn,,,,,43.1661,-77.5555,anonymous,EN,1,63ed1fa5c88ecae92bf0c920,1,1,1,1,5,7,2,4,5,5,2,4,1,1,1,4,1,6,1,4,7,6,1,1,4,6,7,3,5,7,7,2,1,1,2,1,1,1,1,voice,2,2,2,1,1,1,1,2,2,1,2,2,1,2,1,2,2,2,2,2,2,1,2,2,1,1,1,1,1,2,1,2,2,2,1,1,2,2,1,1,2,1,2,2,2,1,2,2,2,1,2,2,2,2,1,1,6,1,1,1,2,1,5,63ed1fa5c88ecae92bf0c920
0,169.239.205.44,100,681,1,8/1/23 16:40,R_2c7VM1UBP2XOPGf,,,,,37.751,-97.822,anonymous,EN,1,631f991a0a5b1611251a3ebe,2,2,3,4,5,4,2,2,4,3,2,3,3,3,4,3,3,3,2,2,3,2,2,4,5,4,4,4,4,5,2,2,1,1,1,1,1,1,1,N/A,1,1,2,2,2,2,1,1,1,2,1,2,1,1,1,1,2,1,2,1,1,1,1,1,1,1,1,2,1,1,2,2,1,1,2,1,2,1,1,1,1,1,1,1,1,1,1,1,1,1,1,2,1,2,2,2,6,1,1,1,1,1,5,631f991a0a5b1611251a3ebe
0,24.253.188.57,100,615,1,8/1/23 16:40,R_z1dTgDVGfMoIael,,,,,41.886,-71.3457,anonymous,EN,1,631c8e97db06f601f81bd82f,5,4,5,5,6,5,6,7,4,5,6,2,5,5,4,5,5,4,4,5,5,6,3,6,4,5,4,7,7,7,5,2,4,4,3,2,4,3,4,piano,1,1,1,2,2,1,2,1,1,2,1,2,1,2,1,2,1,2,2,1,2,1,2,2,2,2,1,1,2,2,1,1,1,2,2,1,1,2,1,1,1,2,2,1,2,1,1,2,2,1,2,1,1,2,2,2,6,2,2,1,1,1,5,631c8e97db06f601f81bd82f
0,70.106.186.25,100,684,1,8/1/23 16:41,R_3MgRcDDNTJnwpLf,,,,,38.3,-77.4739,anonymous,EN,1,6348801ddd19d0c7bfddac73,1,1,1,1,1,5,1,4,1,3,5,1,4,7,1,6,6,1,1,6,6,4,6,1,6,4,7,4,1,4,6,2,1,1,1,1,1,1,2,none,1,1,1,2,2,1,1,2,2,2,2,2,2,1,2,2,2,1,1,1,2,2,1,1,2,2,2,2,1,1,2,1,2,1,1,1,2,1,1,2,1,2,2,1,1,1,2,1,2,2,2,1,1,2,1,2,6,1,1,1,1,1,5,6348801ddd19d0c7bfddac73
0,75.115.234.76,100,487,1,8/1/23 16:41,R_rlL1qJi7YP0Tpnz,,,,,27.7728,-82.6379,anonymous,EN,1,5b129b48444cef0001cad497,6,7,2,1,7,7,1,7,1,3,1,7,1,7,4,7,3,7,4,6,4,7,1,5,6,7,7,7,6,5,7,2,1,1,4,1,1,1,5,voice,1,1,1,1,2,2,1,2,2,2,1,2,1,2,2,2,2,1,2,1,2,2,2,1,2,2,1,2,1,2,1,2,1,1,1,1,1,1,1,2,1,1,2,1,1,1,2,1,2,2,2,1,1,1,2,1,6,1,2,1,1,1,5,5b129b48444cef0001cad497
0,98.160.214.109,100,787,1,8/1/23 16:42,R_3FbIkael2cZ8Zep,,,,,36.0409,-115.0829,anonymous,EN,1,605e6f4f35800996a22ac0ab,4,7,1,2,7,6,7,7,2,4,2,6,1,7,6,7,2,7,7,2,7,7,3,7,7,2,7,1,1,4,7,2,5,1,5,1,1,1,4,voice,1,1,1,2,1,1,1,2,1,1,1,1,1,1,2,2,2,1,1,1,2,1,1,1,2,2,1,2,1,2,2,2,1,1,1,1,2,1,2,2,1,2,2,2,1,1,2,1,1,2,2,2,1,2,1,2,6,1,2,2,1,1,5,605e6f4f35800996a22ac0ab
0,98.36.187.124,100,1037,1,8/1/23 16:46,R_2wnMMIZPJ6NntNy,,,,,38.4063,-121.4287,anonymous,EN,1,5e06ecd524f9390991997bb7,4,5,1,2,7,6,4,4,3,6,1,6,2,5,4,7,2,7,5,4,6,7,1,6,2,5,7,6,2,4,5,2,1,1,3,1,1,1,4,voice,2,1,2,2,1,2,1,1,2,2,1,2,1,2,1,2,1,2,2,1,2,1,2,1,1,2,1,2,1,2,1,2,2,1,1,2,1,2,2,1,1,2,2,2,1,1,1,2,2,1,2,2,2,1,2,2,6,2,1,1,1,2,5,5e06ecd524f9390991997bb7
0,47.14.128.62,100,859,1,8/1/23 16:46,R_cAaTrJIUuMvDO6d,,,,,42.1753,-71.6017,anonymous,EN,1,5cab7cc86d3a6e001519d9e9,1,4,1,1,6,7,6,2,3,4,1,4,3,3,1,5,3,6,3,5,7,7,3,1,7,4,6,2,2,4,7,2,1,2,1,1,1,2,4,Keyboard,1,1,1,1,1,2,1,2,2,1,2,2,2,1,1,2,2,1,1,2,2,1,2,1,2,2,1,2,1,1,1,2,1,1,1,1,2,1,1,2,2,1,2,2,2,2,1,2,2,2,2,2,1,2,1,1,6,1,2,1,1,2,5,5cab7cc86d3a6e001519d9e9
0,50.159.181.240,100,1107,1,8/1/23 16:48,R_3PtqL7ox0MVCxIa,,,,,35.9726,-114.8356,anonymous,EN,1,5c25e498867f660001ae0ea6,4,6,4,7,7,7,7,5,1,2,1,6,1,2,6,7,5,7,6,7,4,7,1,7,2,7,6,7,7,10,7,2,1,1,2,1,1,1,7,triangle,1,1,1,1,2,2,1,2,2,2,2,2,2,2,2,2,2,1,2,1,2,2,1,1,2,2,2,2,1,2,2,2,1,1,1,1,2,1,1,2,1,2,2,1,1,1,2,1,2,2,2,1,2,2,2,2,6,1,1,1,1,1,5,5c25e498867f660001ae0ea6
0,107.216.45.214,100,491,1,8/1/23 16:49,R_3jW07wMIqQt4E7k,,,,,30.2423,-97.7672,anonymous,EN,1,6443231fbc6350e4ee5f2f25,4,6,6,5,6,7,5,6,1,4,3,7,2,2,6,7,2,7,5,7,5,5,5,6,7,7,6,7,6,7,7,2,3,5,5,1,1,2,3,piano,1,2,1,1,2,2,1,2,2,1,2,2,2,2,2,2,2,2,2,1,2,2,1,1,2,2,2,2,1,2,2,2,1,1,1,1,2,1,1,2,1,2,2,1,1,1,2,1,2,1,2,1,2,2,2,2,6,1,1,2,1,1,5,6443231fbc6350e4ee5f2f25
0,71.80.205.190,100,1031,1,8/1/23 16:49,R_sR4ONfMAIcoInXX,,,,,43.2294,-123.2392,anonymous,EN,1,590f89c75cad260001603033,2,3,1,1,6,7,5,6,2,6,2,5,1,1,2,6,1,6,5,5,6,7,1,1,1,6,4,5,5,4,7,2,4,3,1,5,5,1,2,voice,1,1,1,1,2,2,1,2,2,2,2,2,2,2,2,2,2,1,2,1,2,2,1,1,2,2,2,2,1,1,2,2,1,1,1,1,1,1,1,2,2,2,2,1,1,1,2,1,2,2,2,1,1,2,2,2,6,1,1,1,1,1,5,590f89c75cad260001603033
0,24.3.34.74,100,344,1,8/1/23 16:50,R_2AMP2xmAsBt7iDG,,,,,40.3052,-79.5418,anonymous,EN,1,5c79bc94d454af00160e2eee,3,7,4,1,2,5,2,1,7,1,5,1,2,7,4,7,2,4,1,5,5,3,7,2,7,3,7,2,2,4,7,2,1,1,3,1,1,1,2,Voice (but Im bad at all of them),1,1,1,2,2,2,1,2,2,2,2,2,2,2,2,2,2,1,2,1,2,2,1,1,2,2,1,2,1,2,1,2,2,1,1,1,1,1,1,2,1,2,2,1,1,1,2,1,2,2,2,1,2,2,2,2,6,1,1,1,1,1,5,5c79bc94d454af00160e2eee
0,99.46.235.74,100,813,1,8/1/23 16:50,R_BFnjVIkXyvixwIx,,,,,38.6142,-90.291,anonymous,EN,1,628feaaa86e683cdbebf98a0,2,3,2,1,7,5,2,4,2,2,6,4,6,6,5,7,6,6,6,6,6,6,6,6,6,6,6,7,6,6,7,2,1,1,3,1,1,1,5,triangle,1,1,1,1,1,2,1,1,2,1,2,1,1,1,2,2,1,1,1,1,1,1,1,1,1,1,2,1,1,1,2,2,2,1,2,1,1,1,1,2,2,1,2,1,1,1,1,1,1,1,1,1,1,2,1,1,6,1,1,1,1,1,5,628feaaa86e683cdbebf98a0
0,216.137.197.170,100,814,1,8/1/23 16:52,R_300gXhE625jJzU8,,,,,61.5883,-149.3959,anonymous,EN,1,644a9d92849b27eb99202a91,3,4,3,2,5,6,2,5,2,3,3,5,2,6,4,6,5,5,4,5,5,6,2,5,7,6,7,3,3,4,7,2,2,2,2,2,3,1,2,voice,1,1,1,1,2,2,1,1,2,2,1,1,2,2,2,2,2,1,2,1,2,2,1,1,2,2,2,1,1,1,2,2,1,1,1,1,1,1,1,2,1,1,2,1,2,2,2,1,1,1,2,1,2,2,2,2,6,1,2,1,1,1,5,644a9d92849b27eb99202a91
0,67.173.4.174,100,346,1,8/1/23 16:52,R_1hDTLLpMVz43nCj,,,,,41.8482,-87.6521,anonymous,EN,1,63d863bee06a7b1b3a8ba7f7,1,1,1,1,1,1,1,1,1,1,1,1,1,7,1,1,1,1,1,1,1,1,1,1,1,1,1,1,1,4,1,2,1,1,1,1,1,1,1,Air guitar,1,1,1,1,1,1,1,1,2,2,1,1,1,2,2,2,2,1,1,1,2,1,1,2,2,2,2,2,1,2,1,2,2,1,1,2,2,2,1,1,1,2,2,1,2,1,2,2,2,1,2,2,2,2,2,2,6,2,1,1,2,1,5,63d863bee06a7b1b3a8ba7f7
0,99.1.247.130,100,1239,1,8/1/23 16:54,R_PzcW77kZMDeSg5X,,,,,34.2503,-85.1443,anonymous,EN,1,604b93f6432ad99bcb4798e8,1,5,4,1,3,5,4,5,3,3,3,5,4,6,5,7,5,4,2,2,6,6,6,6,7,3,7,5,4,4,4,2,1,4,1,1,1,2,5,ocarina,1,2,1,1,2,2,1,2,2,1,1,2,1,1,1,2,2,2,1,1,1,2,2,1,2,2,1,2,2,2,2,2,1,1,1,1,1,1,1,1,1,1,1,2,1,1,2,1,2,1,2,2,2,2,1,1,6,1,2,1,1,1,5,604b93f6432ad99bcb4798e8
0,72.178.209.180,100,1504,1,8/1/23 16:54,R_3EAzmYLtV5K9ZlH,,,,,33.8361,-95.1487,anonymous,EN,1,5f35a7bf2d5fa01a8f08bbfb,7,5,6,5,5,7,7,6,3,7,2,6,2,2,6,7,3,3,4,7,3,5,2,7,3,6,2,6,7,8,7,2,5,6,5,4,5,4,3,guitar,1,1,2,1,2,2,1,2,2,2,2,2,2,2,2,2,2,1,2,1,2,2,2,1,2,2,2,2,1,1,1,2,1,1,1,1,1,1,1,2,2,2,2,2,1,1,2,1,2,2,2,1,2,2,2,2,6,1,1,1,1,2,5,5f35a7bf2d5fa01a8f08bbfb
0,174.192.69.243,100,341,1,8/1/23 16:57,R_3UJnutQ4s66feh3,,,,,41.8738,-87.9668,anonymous,EN,1,5e68defb230fc417cd72d6e6,5,7,3,5,7,6,7,6,1,4,3,7,6,1,4,2,2,7,6,6,2,7,1,6,6,6,4,7,6,5,7,2,5,6,7,6,6,4,6,Violin ,1,1,2,1,2,2,1,2,2,1,2,2,2,2,2,2,2,1,1,1,2,2,1,1,2,2,2,2,1,2,2,2,2,1,1,1,1,1,1,2,1,2,2,1,1,1,2,1,2,2,2,1,2,2,2,1,6,1,2,1,1,1,5,5e68defb230fc417cd72d6e6
0,166.199.8.80,100,1740,1,8/1/23 16:58,R_2tL12mtaiaWHawX,,,,,47.6034,-122.3414,anonymous,EN,1,64559feafbddb5f11010b973,3,5,1,2,5,6,3,3,4,2,6,5,2,7,6,5,7,5,4,5,7,4,7,1,7,5,7,3,1,4,7,2,3,4,1,1,3,3,2,Tuba ,1,1,1,1,2,1,1,2,2,2,2,2,2,2,2,2,2,1,2,1,2,2,1,1,2,2,2,2,1,1,2,2,1,1,1,1,1,1,1,2,1,2,2,1,1,1,2,1,2,1,2,1,2,2,2,2,6,1,1,1,1,1,5,64559feafbddb5f11010b973
0,108.34.254.161,100,512,1,8/1/23 16:58,R_2woge4xRoh6CIUB,,,,,41.8307,-71.3982,anonymous,EN,1,627f448165ed9095fd43cfd1,2,5,4,1,5,6,4,5,2,5,4,6,1,5,4,7,3,6,5,5,4,6,1,3,6,6,7,4,3,4,7,2,1,1,3,1,1,2,3,piano (keyboard),1,1,1,1,2,2,1,2,2,2,1,2,2,1,2,2,2,1,2,1,2,2,2,1,2,2,1,2,1,1,2,2,1,1,1,1,1,1,1,2,1,2,2,1,1,1,1,1,2,2,2,1,1,2,1,1,6,1,1,1,1,1,5,627f448165ed9095fd43cfd1
0,73.129.66.113,100,1025,1,8/1/23 16:59,R_PFZkN6Vw2Vcc3E5,,,,,38.894,-77.0365,anonymous,EN,1,5ba5d8b960f3d50001697104,3,7,6,3,7,7,7,7,1,6,1,7,1,4,5,6,1,7,7,7,4,7,1,7,3,7,3,7,6,8,7,2,7,4,1,2,5,3,6,guitar,1,1,1,1,2,2,1,2,2,2,1,2,2,1,2,2,2,2,2,1,2,2,2,1,2,2,1,2,1,2,2,2,1,1,1,1,1,1,1,2,1,2,2,1,1,1,2,1,2,2,2,1,2,2,1,2,6,1,1,1,1,1,5,5ba5d8b960f3d50001697104
0,76.32.53.118,100,1209,1,8/1/23 17:02,R_9vpFssB0Cj700AV,,,,,34.0896,-117.8895,anonymous,EN,1,62da0d692b89efcaba51846d,5,7,1,4,7,7,5,7,1,6,7,7,1,1,7,7,1,7,7,7,1,7,1,7,3,7,1,7,4,7,7,2,3,6,3,3,2,2,3,Piano,1,1,1,1,1,2,1,2,2,2,2,2,2,1,2,2,2,2,2,1,1,2,1,1,2,2,2,1,1,1,1,2,1,1,1,1,1,1,1,2,2,2,2,2,1,1,2,1,2,1,2,1,2,2,1,2,6,1,1,1,1,1,5,62da0d692b89efcaba51846d
0,24.90.202.188,100,743,1,8/1/23 17:02,R_1FSboOfu9AMEdlY,,,,,40.6643,-73.9763,anonymous,EN,1,6442e3ecb13f307b6ae70217,3,3,3,4,5,6,5,3,2,2,3,5,3,3,4,6,4,5,5,5,7,5,3,3,4,5,4,4,5,8,5,2,4,6,1,4,3,2,2,violen,1,1,1,1,2,2,1,2,2,2,2,2,2,1,2,2,2,1,2,1,1,2,1,1,2,2,2,2,1,2,2,2,1,1,1,1,1,1,1,1,1,2,2,1,1,1,2,1,2,2,2,1,2,2,1,1,6,1,2,1,1,2,5,6442e3ecb13f307b6ae70217
0,24.140.54.234,100,292,1,8/1/23 17:10,R_2y706pR9HD8cYRi,,,,,40.7986,-81.5449,anonymous,EN,1,5a2adf6a8e00a000019864fb,2,3,1,4,3,6,3,5,2,3,5,3,3,6,4,6,4,5,3,6,6,3,5,4,7,5,7,4,3,5,6,2,1,1,3,1,1,1,4,N/A,1,1,1,2,1,1,2,1,2,2,1,1,1,1,2,2,2,1,1,1,2,2,2,1,2,2,1,2,1,1,2,2,2,1,1,2,2,1,2,2,1,1,2,2,1,1,2,1,1,2,2,2,2,2,1,2,6,1,2,1,1,1,5,5a2adf6a8e00a000019864fb
0,76.142.102.13,100,702,1,8/1/23 17:10,R_1mKnlea8Jh6MCWn,,,,,29.3865,-94.9963,anonymous,EN,1,60d9faa609c8dcb9e5e05481,3,6,1,1,7,7,7,6,1,2,4,6,3,4,4,6,3,6,5,7,3,6,3,6,7,6,6,6,2,7,7,2,2,5,1,1,2,1,4,Keyboard,1,1,1,1,2,2,1,2,2,2,2,1,2,1,2,2,2,1,2,1,2,2,1,1,2,2,2,2,1,2,2,2,1,1,1,1,1,1,1,2,1,1,2,1,1,1,2,1,2,2,2,1,2,2,1,1,6,1,2,1,1,1,5,60d9faa609c8dcb9e5e05481
0,76.23.129.12,100,2136,1,8/1/23 17:15,R_2CpLA4cK5TWpj2u,,,,,42.793,-70.9731,anonymous,EN,1,629aaa38fdfc8168501b930e,2,2,2,2,4,6,4,3,1,3,3,4,2,7,2,4,6,5,2,6,6,5,4,5,2,6,7,6,4,5,5,2,4,2,1,1,5,1,5,voice,1,1,2,1,2,2,1,2,2,2,2,2,2,1,2,2,2,2,1,1,2,2,2,2,2,2,2,2,1,2,1,2,1,1,1,1,1,1,1,2,2,2,2,2,1,1,2,1,1,1,2,2,1,2,1,1,6,1,1,1,1,1,5,629aaa38fdfc8168501b930e
0,174.105.21.254,100,711,1,8/1/23 17:16,R_1PbjxtKNlsukAn9,,,,,39.9391,-83.0474,anonymous,EN,1,5f5be9b21c93d23b442ceb47,2,6,1,5,7,6,7,6,1,4,2,5,3,6,3,4,3,7,5,6,3,7,3,6,7,6,4,5,7,5,5,2,5,3,2,1,1,1,7,My voice,1,1,1,1,2,2,1,2,2,2,1,2,2,1,2,2,2,1,2,1,2,2,1,1,1,2,2,1,1,2,2,2,2,1,1,1,2,1,1,2,1,2,2,1,1,1,2,1,2,1,2,1,2,2,2,2,6,1,1,1,2,1,5,5f5be9b21c93d23b442ceb47
0,72.86.42.248,100,845,1,8/1/23 17:17,R_10CcKCxgwdD88ZR,,,,,39.1222,-77.5655,anonymous,EN,1,5d0fc3b267111c001a633eb8,2,4,3,2,5,5,7,6,2,4,6,7,3,1,6,7,3,5,5,6,2,7,5,6,5,6,4,1,2,4,5,2,5,2,2,4,5,2,3,piano,1,1,2,2,1,1,1,2,2,2,2,1,1,1,2,2,1,2,1,1,2,2,1,1,2,2,1,2,1,1,2,2,1,1,1,1,2,2,1,2,1,1,2,1,1,1,2,1,2,2,2,1,2,2,1,1,6,2,1,1,1,1,5,5d0fc3b267111c001a633eb8
0,172.58.128.20,100,930,1,8/1/23 17:19,R_3Pb0Vdq2mZcB1h0,,,,,25.8119,-80.2318,anonymous,EN,1,620bdf2aa922fc3f247f706b,7,6,2,1,6,6,5,7,2,4,4,6,5,1,6,5,2,7,6,5,6,7,3,7,5,6,1,5,5,4,7,2,1,1,1,1,1,2,5,FL studio,1,1,2,1,1,1,1,2,2,2,1,2,2,1,1,2,2,1,1,1,2,2,1,1,2,2,1,2,1,1,1,2,1,1,1,1,2,1,1,2,2,1,2,1,1,1,2,1,2,1,2,2,2,2,1,2,6,1,1,1,1,1,5,620bdf2aa922fc3f247f706b
0,174.55.253.213,100,355,1,8/1/23 17:19,R_2c6kjhswOfRTVXb,,,,,41.1408,-77.444,anonymous,EN,1,57dd186e6598aa0001992616,2,5,1,1,5,6,3,2,5,2,5,4,2,7,2,6,6,7,3,5,7,7,1,3,6,7,7,5,1,4,5,2,1,1,4,1,1,1,2,flute,1,2,1,1,1,1,2,2,2,1,2,2,1,1,2,2,2,1,2,1,1,2,2,1,2,2,2,2,2,1,2,2,1,1,1,1,2,1,1,2,2,1,2,1,1,1,2,1,2,2,2,1,2,2,1,2,6,1,2,1,1,2,5,57dd186e6598aa0001992616
0,74.135.6.0,100,3164,1,8/1/23 17:23,R_2UbgJyzwqDm9um6,,,,,39.9914,-83.0034,anonymous,EN,1,616f0b4cde85d60d1d2cb938,3,6,5,4,6,6,4,7,2,1,4,6,2,3,4,7,3,6,5,6,5,7,1,5,2,6,3,6,3,4,6,2,6,6,4,3,6,3,2,trombone,1,1,1,1,2,1,2,2,2,1,2,1,1,1,2,2,1,1,2,1,1,2,1,1,2,2,2,1,1,1,1,2,1,1,1,1,1,1,1,1,1,2,2,2,2,2,2,1,1,1,1,2,2,1,1,2,6,1,1,1,1,1,5,616f0b4cde85d60d1d2cb938
0,99.16.249.96,100,808,1,8/1/23 17:24,R_3HLznlxwhi5z72c,,,,,33.933,-84.604,anonymous,EN,1,5a9b7272f05361000171feef,5,5,1,5,1,7,1,5,1,1,1,4,1,7,4,7,7,7,7,5,7,7,1,5,7,7,7,5,4,4,7,2,1,3,2,1,4,1,4,recorder,1,1,1,1,2,2,1,2,2,2,2,2,2,2,1,2,2,1,2,1,2,2,2,1,2,2,2,2,1,1,2,2,1,1,1,1,1,1,1,2,1,2,2,1,1,1,2,1,2,1,2,1,1,2,2,2,6,1,1,1,1,1,5,5a9b7272f05361000171feef
0,173.76.55.31,100,755,1,8/1/23 17:27,R_3LjV6nFc30fgvWs,,,,,41.9739,-71.3284,anonymous,EN,1,616f315b5e74ca5b9a1d2ca7,2,6,1,2,4,3,1,5,1,1,6,3,5,6,5,7,5,4,4,5,6,5,4,6,4,6,6,5,1,4,7,2,1,1,3,1,1,1,4,,1,1,1,2,2,2,1,2,2,2,2,2,2,2,2,2,2,1,2,1,2,2,2,1,2,2,2,2,1,1,2,2,1,1,1,1,2,1,1,2,1,1,2,1,1,1,2,1,2,2,2,1,1,2,1,2,6,1,1,2,1,1,5,616f315b5e74ca5b9a1d2ca7
0,73.42.37.216,100,1844,1,8/1/23 17:29,R_VQB7hrC1fgi9vZD,,,,,30.6922,-88.0425,anonymous,EN,1,5971640e7ec240000170cb69,3,4,3,2,3,3,1,7,2,1,5,3,5,3,5,7,7,3,4,5,3,1,5,4,5,2,5,5,2,5,5,2,2,5,1,3,4,2,7,piano,1,1,1,1,2,2,1,2,2,1,1,1,2,1,2,2,2,2,2,1,2,2,2,1,2,2,1,2,2,2,2,2,1,1,1,1,1,1,1,2,1,1,2,2,1,1,2,1,2,2,2,2,1,2,1,1,6,2,1,1,1,1,5,5971640e7ec240000170cb69
0,98.184.255.236,100,1980,1,8/1/23 17:32,R_3M39SaO2AS0I8R6,,,,,33.6816,-117.8302,anonymous,EN,1,5f7d4a2c5db79d21c7d07240,5,5,2,2,4,5,2,4,3,3,3,5,3,5,4,6,6,4,4,3,6,4,5,5,6,4,6,5,2,5,6,2,6,2,1,6,6,2,3,piano,2,1,1,1,2,1,1,2,1,2,2,2,2,1,2,2,2,2,1,1,2,2,2,1,2,2,2,2,1,2,1,2,1,1,1,1,2,1,1,1,1,2,2,1,1,1,2,1,2,2,2,1,2,2,1,2,6,2,1,1,1,1,5,5f7d4a2c5db79d21c7d07240
0,24.126.14.173,100,2322,1,8/1/23 17:38,R_3O2LVWs0NKDu1IV,,,,,39.3248,-76.6062,anonymous,EN,1,5fbd371dc57ae80a38ba00c2,5,3,1,1,2,6,2,7,2,1,2,2,2,6,5,6,7,2,2,6,4,6,5,3,6,5,7,7,2,7,6,2,1,2,1,1,1,1,4,voice,2,1,2,1,1,1,1,2,2,2,2,2,2,1,2,1,1,2,2,2,2,1,1,1,2,2,2,2,1,2,2,2,1,1,1,1,2,1,1,2,2,2,1,1,1,1,2,2,1,1,2,2,2,1,1,1,6,1,2,2,1,1,5,5fbd371dc57ae80a38ba00c2
0,98.19.255.62,100,2169,1,8/1/23 17:41,R_3fIakYFdtn3nnhY,,,,,35.2277,-92.3573,anonymous,EN,1,63daca8ae542ff8f19d3099a,2,2,1,2,6,6,7,7,2,3,4,4,3,6,4,5,3,5,5,5,6,6,4,5,7,6,4,4,5,4,7,2,2,3,1,1,1,2,1,guitar,1,2,2,1,2,1,1,2,2,1,2,2,2,1,2,2,1,1,2,1,2,2,1,1,2,2,2,2,1,1,2,2,1,1,1,1,1,1,1,2,1,1,2,1,1,1,2,1,2,2,2,1,1,2,2,2,6,1,1,1,1,1,5,63daca8ae542ff8f19d3099a
0,172.250.193.128,100,753,1,8/1/23 17:44,R_1pty2RNyGD0Ct6W,,,,,33.7372,-117.8232,anonymous,EN,1,5f8b3c348183d30f91832a2b,1,3,1,1,4,6,1,4,2,1,1,1,2,7,2,4,7,5,1,5,6,4,7,3,7,2,7,2,1,4,6,2,2,3,1,1,4,2,2,flute ,1,1,1,2,1,2,1,1,2,2,2,2,2,1,2,2,2,1,2,1,2,2,1,1,2,2,1,2,1,2,2,2,1,1,1,1,1,1,1,2,2,1,2,1,1,1,2,1,2,2,2,1,1,2,1,2,6,1,2,1,1,1,5,5f8b3c348183d30f91832a2b
0,73.218.154.254,100,311,1,8/1/23 17:57,R_3q8d27pJ34agAeW,,,,,43.1888,-70.8868,anonymous,EN,1,63e52066b0f31aee3860d8c2,3,7,1,1,4,7,1,6,1,3,1,5,1,7,7,7,5,7,5,7,2,5,3,7,7,6,7,7,7,8,7,2,3,3,3,1,1,2,3,Guitar,1,1,1,1,2,2,1,2,2,2,2,2,2,2,2,2,2,1,2,1,2,2,2,1,2,2,2,2,1,1,2,2,1,1,1,1,2,1,1,2,1,2,2,1,1,1,2,1,2,2,2,1,1,1,2,2,6,1,1,1,1,1,5,63e52066b0f31aee3860d8c2
0,24.88.213.73,100,364,1,8/1/23 17:58,R_3itg7jFLU9KsZwz,,,,,36.0913,-80.3271,anonymous,EN,1,5a89cc2c000dab00018cbd38,2,5,1,1,2,4,1,4,5,1,5,2,5,2,2,6,6,2,2,1,7,3,5,1,7,2,7,5,2,5,4,2,1,1,1,1,1,1,1,none,2,1,1,1,1,1,1,1,1,1,1,1,1,1,1,2,2,2,2,2,1,2,2,1,2,2,2,2,1,2,1,2,2,1,2,1,2,1,1,2,2,1,2,2,1,2,2,2,1,2,2,2,2,2,1,1,6,1,1,1,1,2,5,5a89cc2c000dab00018cbd38
0,68.4.232.99,100,860,1,8/1/23 18:06,R_1Hq0Lz8Mk0odV9C,,,,,33.7421,-118.3102,anonymous,EN,1,55beec67fdf99b6b670922f8,2,4,1,4,5,7,7,4,1,3,2,7,1,1,7,5,2,5,5,6,6,5,4,4,5,7,1,2,6,7,7,2,5,3,1,1,1,2,1,Drums,1,1,1,1,1,1,1,2,2,2,2,2,2,2,2,2,2,1,2,1,2,2,1,1,2,2,2,2,1,1,2,2,1,1,1,1,2,1,1,2,2,2,2,1,1,1,2,1,2,2,2,2,1,2,2,2,6,1,1,1,1,1,5,55beec67fdf99b6b670922f8
0,73.41.63.126,100,166,1,8/1/23 18:20,R_3gZpKKbxoIkWaMw,,,,,36.7637,-119.7602,anonymous,EN,1,60fb264b9630580cb9a48380,3,5,2,5,4,6,3,6,6,5,3,4,6,2,5,3,6,3,5,6,5,3,3,7,6,3,5,3,6,6,6,2,4,3,5,3,5,,2,guitar,1,2,1,1,1,2,1,2,1,1,2,1,2,1,2,2,1,2,1,2,1,2,1,2,1,2,2,1,1,1,2,2,2,1,1,1,2,2,1,2,2,1,1,2,2,1,2,1,1,2,1,2,2,2,1,1,6,1,2,1,1,1,5,60fb264b9630580cb9a48380
0,47.147.124.86,100,1279,1,8/1/23 18:26,R_z7IUZtOiCzkZy25,,,,,34.0032,-117.9617,anonymous,EN,1,5f6f738fef894f0dbf9839f8,5,5,5,2,4,6,5,6,3,4,3,4,2,5,5,6,3,5,5,6,6,5,5,3,7,6,7,6,2,5,6,2,1,1,4,1,1,1,3,I do not play an instrument,1,2,1,1,2,2,1,2,2,2,2,2,2,1,2,2,2,1,2,1,2,2,2,1,2,2,1,2,1,1,2,2,1,1,1,1,1,1,1,2,2,1,1,1,1,1,2,1,2,2,2,1,1,2,1,2,6,1,2,1,1,1,5,5f6f738fef894f0dbf9839f8
0,107.204.255.121,100,370,1,8/1/23 18:42,R_1ZFROgbGqkZDQcN,,,,,43.0026,-87.9417,anonymous,EN,1,5eeeb45360a44437a971aebc,2,4,1,1,4,5,2,5,1,1,3,3,2,7,3,4,6,4,3,5,4,3,4,1,5,1,6,4,1,4,6,2,1,1,2,1,1,1,3,Flute ,1,1,1,1,2,2,1,2,2,2,2,2,2,2,2,2,2,1,2,1,2,1,1,1,2,2,2,2,1,1,2,1,1,2,2,1,2,1,1,2,1,2,2,1,1,1,2,1,2,1,2,2,2,2,2,2,6,1,2,1,1,1,5,5eeeb45360a44437a971aebc
0,172.56.70.198,100,511,1,8/1/23 18:50,R_1LGdl40MPHsmM1k,,,,,33.7485,-84.3871,anonymous,EN,1,60d66ec4a3c13ac0f607e7d9,4,6,5,5,6,6,5,3,1,4,4,5,6,3,6,6,2,6,5,6,4,6,3,7,6,7,4,5,5,8,4,2,3,4,4,3,2,2,2,Keyboard,1,1,2,1,2,1,1,2,2,2,1,2,1,2,2,2,2,1,1,1,2,1,1,1,2,2,2,2,1,1,2,2,1,1,1,1,2,1,1,2,1,2,2,1,1,1,1,1,2,2,2,1,1,2,2,2,6,1,1,1,1,1,5,60d66ec4a3c13ac0f607e7d9
0,174.119.237.129,100,461,1,8/1/23 18:55,R_3ee3feVXvaxC8nF,,,,,43.7154,-79.3896,anonymous,EN,1,5ef68aac3083cd173cffd7e5,6,4,3,6,6,7,7,6,2,6,3,6,2,3,6,6,2,6,6,6,5,7,2,5,5,6,4,6,6,7,5,2,2,2,4,1,1,2,4,Flute,1,1,1,1,2,2,1,2,2,2,2,2,2,2,2,2,2,1,2,1,2,2,2,1,2,2,2,2,1,1,2,2,1,1,1,1,1,1,1,2,1,2,2,1,1,1,2,1,2,2,2,1,2,2,2,2,6,1,1,1,1,1,5,5ef68aac3083cd173cffd7e5
0,69.181.233.201,100,757,1,8/1/23 19:06,R_1Ke6y7SrpZtrVjK,,,,,36.9689,-121.9903,anonymous,EN,1,61523fa4dff0567aa388e758,4,4,3,4,6,6,6,5,2,5,2,5,1,5,5,6,3,7,5,7,4,7,3,5,4,5,4,4,4,6,7,2,3,5,3,1,4,1,2,piano,1,1,1,1,2,2,1,2,2,1,2,2,2,2,2,2,2,1,2,1,2,2,2,1,2,2,2,2,1,1,1,1,1,1,1,1,2,1,1,2,1,2,2,1,1,1,2,1,2,2,2,1,1,2,2,2,6,1,2,1,1,1,5,61523fa4dff0567aa388e758
0,172.56.185.31,100,333,1,8/1/23 19:14,R_3haTfxj3wuXMKo1,,,,,33.754,-117.8578,anonymous,EN,1,636330b7f97a8198974a367f,1,3,1,1,6,7,5,3,4,4,3,5,2,6,4,6,2,6,4,4,5,6,2,4,6,6,7,6,2,4,7,2,1,1,3,1,1,1,4,voice,1,1,1,1,2,2,1,2,2,2,1,2,1,1,2,2,2,2,2,1,2,2,2,1,2,2,2,2,1,1,2,2,1,1,1,1,1,1,1,2,1,1,1,1,1,1,2,1,2,2,2,1,1,2,1,2,6,1,2,1,1,1,5,636330b7f97a8198974a367f
0,65.31.88.243,100,353,1,8/1/23 19:29,R_3et1eFxp6Uy9MF4,,,,,42.5195,-88.1418,anonymous,EN,1,60bebaad355aa083fd9b8c60,7,7,2,1,4,7,5,7,1,3,5,1,2,6,7,7,6,5,2,6,3,3,6,5,7,5,7,7,6,6,7,2,1,1,1,1,1,1,2,none,1,1,1,1,2,1,1,2,2,2,2,2,2,2,2,2,2,1,2,1,2,2,1,1,2,2,2,2,1,1,2,2,1,1,1,1,2,1,1,2,1,2,2,1,1,1,2,1,2,2,2,1,2,2,2,2,6,1,1,1,1,1,5,60bebaad355aa083fd9b8c60
0,71.75.244.42,100,1701,1,8/1/23 19:32,R_2dJUJlurgLhoeav,,,,,35.0221,-80.5318,anonymous,EN,1,5d1b0776e1c05200018b582d,2,1,1,1,5,6,5,3,4,5,3,4,1,3,4,3,1,7,4,5,5,7,1,2,1,7,5,5,5,7,5,2,5,3,3,6,5,2,5,voice,1,1,2,2,1,1,1,1,2,2,1,2,1,1,2,2,2,2,2,1,2,2,2,1,2,2,1,2,1,2,2,2,2,2,1,1,2,1,1,2,2,1,2,2,2,1,2,1,2,1,2,2,2,2,1,1,6,2,2,1,2,2,5,5d1b0776e1c05200018b582d
0,67.190.229.51,100,560,1,8/1/23 19:37,R_1d6T4K8jjKVcGSu,,,,,30.3122,-81.7243,anonymous,EN,1,5db783d50fcd4a000b1021e9,6,7,1,5,5,7,6,4,1,3,1,4,2,4,5,6,2,6,3,7,6,6,4,7,2,6,7,7,4,5,7,2,1,1,1,1,1,1,4,none,1,1,1,1,2,2,1,2,2,2,2,2,2,2,2,2,2,2,2,1,2,2,1,1,2,2,1,2,1,2,1,2,1,1,1,1,1,1,1,1,1,2,2,1,1,1,2,1,2,1,2,2,2,2,2,1,6,1,1,1,1,1,5,5db783d50fcd4a000b1021e9
0,24.246.237.173,100,1947,1,8/1/23 19:38,R_3QVrgkH7HjmJOI0,,,,,41.3321,-75.2819,anonymous,EN,1,5fc1ffc15478a5319b85ecd2,1,4,1,2,2,7,1,4,2,1,4,4,4,7,4,7,2,3,2,7,4,4,5,7,2,4,7,4,5,5,2,2,1,1,1,1,1,1,4,None,1,2,1,1,2,2,1,2,2,2,2,2,1,2,2,2,2,1,2,1,2,2,2,1,2,2,2,1,1,1,2,2,1,1,1,1,2,1,1,2,1,2,2,1,1,1,2,1,2,2,2,2,2,2,2,2,6,1,1,1,2,1,5,5fc1ffc15478a5319b85ecd2
0,24.217.129.108,100,2511,1,8/1/23 19:48,R_3hxNi3X2iXJFzoa,,,,,38.8238,-90.7432,anonymous,EN,1,63e51c6b462cfa8a42eba8b2,7,7,5,5,7,7,5,7,1,6,1,6,2,2,6,7,2,7,6,6,2,7,1,7,2,7,2,6,7,7,7,2,5,6,7,4,3,5,6,Drums,1,1,1,1,2,2,1,2,2,2,2,2,2,2,2,2,2,1,2,1,2,2,1,1,2,2,1,2,1,1,2,2,1,1,1,1,2,1,1,2,1,2,1,2,1,1,2,2,2,1,1,2,1,2,2,2,6,2,1,2,1,1,5,63e51c6b462cfa8a42eba8b2
0,166.182.254.223,100,500,1,8/1/23 19:50,R_2WuMVwhb6mIOAuJ,,,,,39.0469,-77.4903,anonymous,EN,1,5d71555a7e53bd000148c016,5,7,2,3,6,7,7,7,1,3,2,7,1,4,7,7,2,6,6,6,2,6,6,7,4,7,5,7,7,9,7,2,3,2,2,3,4,2,3,Flute ,1,1,1,1,2,2,1,2,2,2,2,2,2,2,2,2,2,1,2,1,2,2,1,1,2,2,2,2,1,1,2,2,1,1,1,1,1,1,1,2,1,2,2,1,1,1,2,1,2,2,2,1,1,2,2,2,6,1,1,1,1,1,5,5d71555a7e53bd000148c016
0,97.95.86.76,100,966,1,8/1/23 20:17,R_1IGJPSWMnYHP0QK,,,,,46.5778,-87.4552,anonymous,EN,1,643355a61ab49020e1422698,5,6,1,1,7,7,1,3,1,1,2,2,1,7,6,7,6,6,6,7,6,7,6,6,7,7,7,3,3,5,7,2,1,1,1,1,1,1,4,NA,1,1,1,1,2,2,1,1,2,2,2,2,2,1,2,2,2,1,1,1,1,2,2,1,1,2,1,2,1,2,2,2,1,1,1,1,2,1,1,2,2,2,2,1,1,1,2,1,2,1,2,1,1,2,1,2,6,1,1,1,1,1,5,643355a61ab49020e1422698
0,70.173.224.186,100,704,1,8/1/23 20:42,R_Z2mUqePNWk6lvs5,,,,,36.175,-115.1372,anonymous,EN,1,6234965d3869b875dc31d93a,1,2,1,1,3,5,2,2,5,1,5,1,4,7,2,5,7,3,2,2,7,4,7,2,7,4,7,5,1,4,2,2,1,1,1,1,1,1,2,voice,2,1,1,2,2,2,1,1,2,2,1,2,1,1,1,2,2,2,1,1,2,2,2,1,2,2,1,2,1,2,1,2,2,1,1,1,2,2,1,2,1,1,2,2,1,1,1,2,2,2,2,2,1,2,1,1,6,1,2,2,1,2,5,6234965d3869b875dc31d93a
0,70.169.16.56,100,970,1,8/1/23 21:55,R_28TzSkPEaUPrvyj,,,,,37.3197,-76.7625,anonymous,EN,1,632a2b88ee7ba45758fde30b,6,7,5,6,6,6,6,7,5,6,1,6,2,1,6,5,1,5,6,7,1,6,1,6,2,6,5,5,5,9,6,2,7,7,7,7,7,7,6,Tenor saxophone,2,1,1,1,2,2,1,2,1,1,1,1,2,2,2,2,2,1,2,1,1,2,1,1,2,2,2,2,1,1,2,2,1,1,1,1,1,1,1,2,1,1,2,1,2,1,2,1,1,2,1,1,1,2,2,2,6,1,1,1,1,1,5,632a2b88ee7ba45758fde30b
0,73.225.31.17,100,742,1,8/1/23 22:29,R_3ltSdGTJxLeE48a,,,,,47.223,-122.5361,anonymous,EN,1,615dfbb483f8480303655714,2,6,1,1,4,6,3,4,4,1,5,1,1,7,1,7,7,6,4,7,7,7,1,1,1,6,6,1,4,4,4,2,5,5,1,4,5,2,1,saxophone,1,2,1,1,1,1,1,2,2,2,2,2,1,1,2,2,2,1,1,1,2,2,2,1,2,2,2,2,1,1,1,2,1,1,2,1,2,1,1,2,2,1,2,2,1,2,2,2,2,1,2,2,1,2,1,1,6,1,2,2,1,1,5,615dfbb483f8480303655714
0,65.189.240.97,100,1036,1,8/1/23 22:31,R_1pAn2kXkBuWAwjt,,,,,39.4025,-84.522,anonymous,EN,1,6410b29ac4c15d9231bc1387,7,4,1,5,7,7,7,7,1,5,1,7,1,1,7,7,1,7,7,7,1,7,1,7,3,7,3,7,7,9,7,2,2,3,1,1,3,2,6,Kalimba,1,1,1,2,2,2,1,2,2,2,1,2,2,1,2,2,2,1,2,1,2,2,2,1,2,2,2,2,1,2,1,2,2,1,1,1,1,1,1,2,1,2,2,1,2,1,2,1,2,2,2,1,2,2,1,1,6,1,1,1,2,1,5,6410b29ac4c15d9231bc1387
0,138.207.132.66,100,818,1,8/2/23 0:03,R_vYzBMc1jbrlvw3f,,,,,39.8864,-79.7249,anonymous,EN,1,5ec0ba1bfa01894cceaa1b8e,1,1,1,1,3,5,1,1,5,1,5,1,5,7,1,1,7,2,1,1,7,3,2,1,7,3,5,1,1,4,3,2,1,1,1,1,1,1,2,none,1,1,1,2,1,1,1,1,2,2,1,2,1,1,1,1,2,2,2,1,1,1,2,1,2,2,1,2,1,2,1,2,2,2,2,1,2,1,2,2,2,1,2,1,2,1,2,1,1,1,2,2,2,1,1,1,6,2,2,2,2,2,5,5ec0ba1bfa01894cceaa1b8e
0,174.205.35.48,100,955,1,8/2/23 0:33,R_1GT6h1PzvLfqrxA,,,,,36.218,-115.1709,anonymous,EN,1,641a43f78351cc4fefe31190,5,6,4,2,4,6,4,4,1,5,2,5,2,1,6,5,1,5,4,6,3,5,4,6,4,4,3,3,4,5,5,2,5,3,2,4,5,4,3,Piano,1,2,2,1,2,2,1,2,2,2,2,2,2,1,2,2,2,1,2,1,2,2,2,2,2,2,2,2,1,2,2,2,1,1,1,1,1,1,1,2,1,2,2,1,1,1,2,1,2,2,2,1,2,2,2,2,6,1,1,1,1,1,5,641a43f78351cc4fefe31190
0,172.56.48.4,100,555,1,8/2/23 0:45,R_3dMHSjMIkna1wMt,,,,,29.7646,-95.3657,anonymous,EN,1,5f90581950d8520e8c7d3890,6,7,7,2,7,7,7,7,7,7,1,7,1,4,7,7,1,7,7,7,3,7,1,6,2,7,7,7,7,10,7,2,1,1,5,1,1,1,5,,1,2,1,1,2,2,1,2,2,2,2,2,2,2,2,2,2,1,2,1,2,2,1,1,2,2,2,2,1,1,2,2,1,1,1,1,1,1,1,2,1,2,1,1,1,1,2,1,1,2,2,1,1,2,2,2,6,1,1,1,2,1,5,5f90581950d8520e8c7d3890
0,174.134.34.162,100,577,1,8/2/23 0:57,R_ZIxKiKnqBadj7BT,,,,,35.3407,-119.0596,anonymous,EN,1,608f2aa883599160c8b87a79,2,6,1,2,7,6,2,5,2,3,4,2,3,6,1,6,3,6,2,6,7,7,5,3,6,5,7,3,3,4,7,2,1,1,1,1,1,1,4,voice,1,1,1,1,2,2,1,2,1,2,1,2,1,1,2,2,2,1,2,1,2,2,2,1,2,2,1,2,1,1,2,2,1,1,1,1,1,1,1,2,1,2,2,1,2,1,2,1,2,2,2,1,2,2,1,1,6,1,1,1,1,1,5,608f2aa883599160c8b87a79
0,138.229.178.186,100,752,1,8/2/23 1:30,R_2uOOt39bHU7js7e,,,,,36.0683,-119.0343,anonymous,EN,1,5b6872f33ffbf200015434ef,5,4,1,4,7,7,6,5,1,5,4,5,2,6,2,7,1,5,5,5,6,2,4,7,6,7,5,7,6,7,5,2,1,1,3,1,1,1,7,,1,1,1,1,2,2,1,2,2,2,2,2,1,1,2,2,2,1,2,1,2,2,1,1,2,2,2,2,2,1,2,2,1,2,1,1,2,1,1,2,1,2,2,1,2,1,2,1,2,2,2,2,1,2,1,2,6,1,1,1,2,1,5,5b6872f33ffbf200015434ef
0,98.29.86.177,100,1088,1,8/2/23 2:40,R_V2R6emSr28JX2TL,,,,,39.1671,-84.5422,anonymous,EN,1,63cef7a6faef5bdf3066bb02,3,5,2,4,5,5,4,4,5,3,2,3,4,3,4,5,2,4,5,5,5,5,3,5,5,3,5,4,5,5,4,2,1,1,5,1,1,1,2,N/A,1,1,2,1,2,1,1,2,2,1,1,1,2,2,1,2,2,1,2,2,2,2,1,1,2,2,1,2,1,1,2,1,1,1,1,2,2,1,1,1,1,1,2,1,1,1,2,1,2,1,2,2,1,2,2,2,6,1,1,1,1,2,5,63cef7a6faef5bdf3066bb02
0,99.186.120.137,100,729,1,8/2/23 3:07,R_1qfjlJh6UYiRlW0,,,,,29.7373,-95.3972,anonymous,EN,1,614ffcb37d00000408f27905,5,1,1,1,6,7,1,2,1,1,2,6,1,6,3,7,5,4,2,7,1,6,7,7,7,7,7,6,5,4,7,2,1,1,1,1,1,1,6,I dont play an instrument,1,1,1,1,2,2,2,2,2,2,2,2,2,1,2,2,2,1,1,2,2,1,1,1,2,2,1,2,1,2,2,2,1,1,1,1,2,1,1,2,1,2,2,1,1,1,2,1,1,2,2,1,1,2,1,2,6,1,1,1,1,1,5,614ffcb37d00000408f27905
0,69.242.223.145,100,604,1,8/2/23 4:51,R_1jTXhXb4DX1GBTW,,,,,42.3255,-83.0415,anonymous,EN,1,622e06e4046635b0eb64f103,3,4,4,4,7,7,4,6,1,6,1,7,1,2,6,7,1,7,4,7,3,6,3,7,4,7,2,6,6,7,7,2,7,6,1,1,3,2,3,Guitar,1,1,1,1,2,2,1,2,2,2,2,2,2,1,2,2,2,1,2,1,2,2,2,1,2,2,1,2,1,2,2,2,1,1,1,1,2,1,1,2,1,2,2,1,1,1,2,1,2,2,2,1,2,2,1,2,6,1,1,1,1,1,5,622e06e4046635b0eb64f103
0,73.168.93.144,100,745,1,8/2/23 4:53,R_NVznzH97LCAZ3aN,,,,,41.619,-86.7218,anonymous,EN,1,5eb983034987d1074b5232ce,2,6,2,1,3,6,4,3,2,3,2,1,4,4,1,6,3,3,1,4,7,3,5,3,4,5,7,2,4,4,6,2,1,1,1,1,1,1,3,n/a,2,1,1,2,2,1,1,2,1,1,2,2,2,2,2,2,2,1,1,1,2,2,1,1,2,2,2,2,1,1,2,2,1,1,1,1,1,1,1,2,1,1,2,1,1,1,2,1,2,2,2,1,1,2,2,2,6,1,1,1,1,1,5,5eb983034987d1074b5232ce
0,98.48.161.36,100,1143,1,8/2/23 4:56,R_1pWgnBuAJ7NUZL8,,,,,32.7147,-79.9526,anonymous,EN,1,5fc2734dbe970b424ca019b4,2,6,1,1,6,5,1,5,1,1,4,7,3,7,5,6,6,5,4,7,7,5,3,6,7,6,7,5,3,5,7,2,3,2,1,1,3,1,4,flute,2,1,1,1,1,1,1,1,1,1,1,2,1,1,2,2,2,1,1,1,1,1,1,1,2,2,2,1,1,2,1,1,2,2,1,1,2,1,2,1,2,1,2,1,1,1,2,2,2,1,2,1,2,2,1,2,6,1,2,2,2,1,5,5fc2734dbe970b424ca019b4
0,97.115.144.59,100,306,1,8/2/23 5:24,R_2cuTdyLU2aX2LeL,,,,,45.5777,-122.6795,anonymous,EN,1,643bf6338ab6927af28b0b88,3,5,3,4,3,4,4,3,3,4,5,4,3,4,4,3,4,5,4,3,5,4,4,3,4,5,5,3,4,7,5,2,2,3,1,1,4,1,1,voice,2,1,1,1,1,2,1,1,1,1,1,1,1,1,2,2,2,2,2,1,2,1,2,2,1,2,1,2,1,1,1,1,2,1,1,1,2,1,1,1,2,1,1,2,2,1,1,1,1,1,2,2,2,1,1,2,6,1,1,2,2,1,5,643bf6338ab6927af28b0b88
0,24.197.140.153,100,965,1,8/2/23 6:22,R_1LtYIRLWeflh5kt,,,,,34.5251,-82.6307,anonymous,EN,1,62f661f932b20c9fc240d82f,5,7,2,1,7,4,6,5,1,6,4,7,6,2,5,2,2,6,7,5,4,4,1,6,1,2,4,6,5,5,6,2,4,6,5,6,5,4,4,guitar,1,2,1,1,1,2,1,1,1,2,1,2,2,2,1,2,1,2,2,1,2,1,2,2,1,2,2,1,2,2,1,1,2,2,1,1,2,1,1,1,2,1,2,1,2,1,2,1,2,2,2,1,2,1,2,1,6,2,1,1,1,2,5,62f661f932b20c9fc240d82f
0,104.63.220.9,100,594,1,8/2/23 6:58,R_1JJvnmXVOUJo5Cx,,,,,35.4971,-97.733,anonymous,EN,1,609c297aff4c80dac255f75d,3,4,1,2,4,5,4,6,2,4,4,3,3,4,2,3,5,6,2,1,7,6,4,3,6,5,5,2,4,5,2,2,2,3,1,2,2,2,4,Guitar,1,1,1,1,2,1,1,2,1,1,2,2,1,1,2,2,1,2,2,1,1,2,2,1,2,2,1,2,1,2,1,1,1,1,1,1,2,1,1,2,1,2,2,1,1,1,1,2,2,1,2,2,1,2,1,1,6,1,1,1,1,2,5,609c297aff4c80dac255f75d
0,173.77.37.52,100,1319,1,8/2/23 7:13,R_8vUrJOPup8dnjVf,,,,,40.6627,-73.9138,anonymous,EN,1,63f82a4ff43ec144ca3622a8,1,1,1,1,1,6,1,4,2,4,4,1,1,1,3,5,1,7,4,5,5,7,1,1,1,5,4,5,6,7,7,2,1,1,1,1,1,1,2,voice,2,1,1,1,2,2,1,2,1,2,2,2,2,1,2,2,2,1,2,1,1,2,2,1,2,2,1,2,1,2,2,2,2,1,1,1,1,1,1,2,1,2,2,2,2,1,2,1,2,2,2,2,2,2,1,2,6,1,1,1,2,2,5,63f82a4ff43ec144ca3622a8
0,172.58.111.254,100,553,1,8/2/23 7:15,R_3F2x0uXMYihN7JL,,,,,32.7767,-96.805,anonymous,EN,1,5d815ba661013f00170a8def,5,2,2,6,7,7,6,4,1,5,3,7,1,2,6,7,2,7,6,7,2,7,1,7,7,7,5,7,7,9,7,2,7,6,1,2,5,4,7,Piano,1,1,1,1,2,2,1,2,2,2,2,2,2,2,2,2,2,1,2,1,2,2,1,1,2,2,2,2,1,1,2,2,1,1,1,1,1,1,1,2,1,2,2,1,2,1,2,1,2,2,2,1,2,2,2,2,6,1,1,1,1,1,5,5d815ba661013f00170a8def
0,50.243.165.201,100,906,1,8/2/23 7:21,R_1Hkk27s4F8xqcA9,,,,,40.5672,-79.9708,anonymous,EN,1,63cbd5095083beef0c8b1a7a,4,4,3,5,6,7,7,6,1,6,2,4,1,7,4,7,2,6,4,6,1,6,2,4,4,6,7,6,6,5,6,2,5,5,3,3,3,2,3,piano,1,1,1,1,2,2,1,2,2,2,2,2,1,1,2,2,2,1,2,1,2,2,1,1,2,2,1,2,1,1,2,2,1,1,1,1,1,1,1,1,1,2,2,1,1,1,2,1,2,2,2,1,2,2,1,2,6,1,1,1,1,1,5,63cbd5095083beef0c8b1a7a
0,24.9.199.50,100,836,1,8/2/23 7:37,R_4HhFzeaw7FpH7iN,,,,,40.4102,-104.7584,anonymous,EN,1,64282ae044d37e83e83ceca5,2,2,1,1,5,7,1,1,4,4,6,4,3,7,2,5,5,5,5,4,7,6,7,3,7,5,1,3,2,4,4,2,1,1,1,1,1,1,4,none,1,1,1,2,2,1,1,1,2,2,1,2,2,1,2,2,2,1,2,1,2,2,2,1,2,2,1,2,1,2,2,2,1,1,1,1,2,1,1,2,1,1,2,1,1,1,2,1,2,1,2,2,1,2,1,2,6,1,1,1,1,1,5,64282ae044d37e83e83ceca5
0,98.192.52.37,100,502,1,8/2/23 7:50,R_2sYbUir9VKSCsV3,,,,,33.5631,-84.5832,anonymous,EN,1,605776c7ffd8cb64476fc73f,2,5,3,2,4,5,6,4,6,1,6,2,3,7,2,6,6,4,3,3,6,5,7,2,7,6,7,3,4,5,6,2,2,2,2,1,1,1,1,piano,2,2,1,1,2,1,1,2,2,2,2,2,1,2,2,1,1,1,2,1,2,2,2,2,2,2,1,2,1,2,1,2,2,2,1,1,2,1,1,1,1,1,2,1,2,2,1,1,1,2,2,2,2,1,1,2,6,1,2,1,2,1,5,605776c7ffd8cb64476fc73f
0,68.1.92.66,100,404,1,8/2/23 7:53,R_25TV29a9cNDHpz2,,,,,30.4236,-87.2261,anonymous,EN,1,5becfeed4f191100013b46db,1,3,1,1,6,6,4,2,2,7,1,7,1,1,1,5,1,7,5,4,5,7,1,3,1,3,7,2,2,4,7,2,1,1,1,1,1,1,2,voice,1,1,1,1,2,1,1,2,2,2,2,2,2,2,2,2,2,1,2,1,2,2,2,1,2,2,1,2,1,2,1,2,2,1,1,1,2,1,1,2,1,2,2,1,1,1,2,2,2,1,2,1,2,2,2,1,6,1,2,1,1,1,5,5becfeed4f191100013b46db
0,104.33.147.220,100,609,1,8/2/23 8:02,R_2Pb4G4uZyismAxQ,,,,,33.8625,-117.586,anonymous,EN,1,630d38824bad7ea1700632d0,5,5,4,4,5,4,3,5,5,3,5,4,4,4,5,5,3,3,5,5,3,5,5,5,4,5,6,5,4,8,4,2,1,1,1,1,1,1,2,maracas,1,1,2,1,2,2,1,1,2,1,1,2,2,1,1,2,2,1,1,1,1,1,2,1,1,1,1,2,2,1,1,2,1,1,1,1,1,1,2,2,1,1,2,1,1,1,1,1,2,2,1,1,2,2,1,1,6,1,1,1,1,2,5,630d38824bad7ea1700632d0
0,174.236.34.129,100,1140,1,8/2/23 8:19,R_1Edo9uaBfmEIsIk,,,,,42.7893,-83.7135,anonymous,EN,1,56e72067c89073000be77fdf,6,7,7,4,7,7,4,7,2,1,2,7,1,3,6,7,6,7,7,7,7,7,2,6,7,6,5,7,4,7,7,2,1,2,1,4,3,3,2,Piano,1,1,1,1,2,2,1,2,2,2,2,2,2,1,2,2,2,2,2,1,2,2,1,1,2,2,2,2,1,1,1,2,1,1,1,1,1,1,1,1,1,1,2,1,1,1,2,1,1,1,2,2,1,2,1,2,6,2,1,1,1,1,5,56e72067c89073000be77fdf
0,98.11.79.169,100,760,1,8/2/23 8:52,R_O8YPDurLm7qTxAZ,,,,,43.5604,-76.1166,anonymous,EN,1,6150b927614a4f154f311f9d,4,5,2,2,4,7,7,6,3,6,4,5,2,4,2,6,2,5,4,4,6,4,2,4,6,6,5,4,4,4,7,2,1,1,1,1,1,1,2,voice,1,1,2,1,1,2,1,2,2,2,2,2,2,1,2,2,2,1,2,2,2,2,2,1,2,2,2,2,1,2,2,2,1,1,1,1,2,1,1,2,1,2,2,1,2,2,1,1,2,1,2,1,2,2,1,2,6,1,2,1,2,1,5,6150b927614a4f154f311f9d
0,47.5.113.148,100,545,1,8/2/23 9:00,R_31MpjGsla2b1Ecd,,,,,38.4479,-105.2206,anonymous,EN,1,5c33a10c88e52b00017eb86f,6,4,1,1,6,7,7,6,1,7,1,7,2,2,1,7,6,7,7,7,6,7,1,6,1,7,3,7,3,5,7,2,1,2,1,1,3,4,1,tambourine,1,1,1,1,2,2,1,2,2,2,2,2,2,2,2,2,2,2,2,1,2,2,2,1,2,2,1,2,1,1,2,2,2,1,1,1,1,1,1,2,1,2,2,1,1,1,2,1,2,2,2,1,2,2,2,2,6,1,1,1,1,1,5,5c33a10c88e52b00017eb86f
0,98.40.184.229,100,320,1,8/2/23 9:15,R_1OkqTbCmx3D8gio,,,,,29.9225,-95.0615,anonymous,EN,1,58f1017ac325470001795b01,1,2,1,1,2,7,1,1,1,1,7,1,1,7,2,5,7,4,1,2,7,5,1,1,7,4,7,5,6,4,6,2,1,1,1,1,1,1,1,none,1,1,1,1,2,2,1,1,2,2,1,2,2,2,2,2,2,1,2,1,1,2,1,1,2,2,2,1,1,2,2,2,1,1,1,1,1,1,1,2,1,2,2,1,1,1,2,1,2,1,2,2,1,2,2,2,6,1,1,2,1,1,5,58f1017ac325470001795b01
0,169.239.205.235,100,832,1,8/2/23 9:41,R_Tw7DJIbg50HDUEV,,,,,37.751,-97.822,anonymous,EN,1,63a265dfb79aeca7ea438f4a,4,5,2,4,4,7,7,6,3,4,4,4,4,4,4,4,4,4,4,4,4,6,4,6,4,5,4,4,4,7,4,2,2,2,3,1,1,2,4,piano,1,1,1,1,2,2,1,2,1,2,1,2,2,1,2,2,2,1,2,1,2,2,1,1,2,2,2,2,1,1,2,2,1,1,1,1,1,1,1,1,1,1,1,1,1,1,2,1,2,1,2,1,2,2,2,2,6,1,1,1,1,1,5,63a265dfb79aeca7ea438f4a
0,72.160.101.103,100,669,1,8/2/23 9:50,R_1Egn4IsDwyYngQf,,,,,47.3247,-117.9897,anonymous,EN,1,606537639bc40e88e953c584,6,3,2,4,7,6,7,3,1,7,3,7,1,7,4,7,7,7,6,6,4,5,2,6,2,4,5,3,7,6,6,2,5,5,1,4,5,3,6,Guitar ,1,1,1,1,2,2,1,2,1,2,1,1,2,2,1,2,2,1,2,1,1,1,1,1,2,2,2,2,1,1,1,1,1,1,1,1,1,1,1,1,1,1,1,1,1,1,2,2,2,2,2,1,2,2,2,2,6,1,1,1,1,1,5,606537639bc40e88e953c584
0,69.253.102.59,100,1232,1,8/2/23 10:17,R_1M0owN6kIoHB9UB,,,,,39.9444,-75.5875,anonymous,EN,1,6099f441d9e8d68d4c4c17d9,2,2,4,2,6,6,3,2,1,2,4,5,2,6,6,6,5,5,5,6,4,5,5,5,5,6,6,5,5,7,6,2,3,2,1,1,3,1,5,NA,1,1,1,2,1,1,1,2,2,2,2,2,2,1,2,2,2,1,1,2,1,2,2,2,2,1,1,1,1,2,2,1,2,1,1,1,2,2,1,2,2,1,2,2,1,2,1,2,2,2,2,1,2,1,2,1,6,1,2,1,1,2,5,6099f441d9e8d68d4c4c17d9
0,204.9.21.183,100,509,1,8/2/23 10:39,R_3l9sd8VL4sxVwbf,,,,,33.8874,-111.9508,anonymous,EN,1,5e2926d80beb030ede110e67,2,5,1,3,7,7,5,6,1,4,2,4,6,2,3,5,2,6,5,5,7,7,3,1,7,6,7,5,5,5,7,2,1,1,2,1,1,1,2,"Piano, self-taught",2,1,1,1,2,2,1,1,1,2,2,2,1,1,1,2,2,1,2,1,2,2,1,1,2,2,2,2,1,1,1,2,1,2,1,1,1,1,1,1,1,1,2,1,2,2,2,1,2,2,2,1,2,1,1,1,6,1,2,1,1,1,5,5e2926d80beb030ede110e67
0,166.137.171.70,100,360,1,8/2/23 10:39,R_3nk4vBdrVzPkqsw,,,,,37.751,-97.822,anonymous,EN,1,5f4825050fc6402cb19feade,3,5,2,5,5,6,6,6,1,6,2,6,2,1,3,4,6,7,6,6,6,7,1,2,1,6,6,5,7,10,7,2,1,2,2,1,1,2,1,voice,1,1,1,1,1,1,1,2,2,2,2,2,2,2,2,2,2,1,1,1,2,2,1,1,2,2,2,2,1,1,2,2,1,1,1,1,2,1,1,2,2,1,2,1,1,1,2,1,2,1,2,1,1,2,2,1,6,1,1,1,1,1,5,5f4825050fc6402cb19feade
0,75.129.224.23,100,915,1,8/2/23 10:53,R_tKykCbe7uBh6m3L,,,,,38.6287,-90.1988,anonymous,EN,1,631a68d95296b3b289d64291,2,1,1,1,4,2,1,4,2,1,7,1,1,1,2,5,7,1,1,5,7,1,6,1,1,5,7,1,1,4,6,2,6,5,7,3,7,2,2,guitar,1,2,1,2,2,1,1,2,2,2,2,2,1,1,2,2,2,1,2,1,2,2,2,1,2,2,2,2,1,2,1,2,1,1,1,2,2,1,1,2,2,2,2,2,2,1,2,2,2,2,2,2,2,2,2,1,6,1,2,2,2,2,5,631a68d95296b3b289d64291
0,174.126.68.37,100,450,1,8/2/23 11:22,R_Q4ErLc3cE57Eyml,,,,,37.0494,-94.5069,anonymous,EN,1,6320fb375d2abadf259b7889,4,7,5,2,3,6,2,7,1,3,4,4,2,7,5,6,3,6,5,7,4,4,3,6,5,5,7,7,4,5,7,2,1,5,3,1,1,1,3,Voice,1,1,1,1,2,2,1,2,2,2,1,2,2,2,2,2,2,1,2,1,2,2,1,1,2,2,2,2,1,1,2,2,1,1,1,1,1,1,1,2,1,2,2,1,1,1,2,1,2,2,2,2,1,2,2,2,6,1,1,1,1,1,5,6320fb375d2abadf259b7889
0,72.92.228.142,100,259,1,8/2/23 11:23,R_3vXvOTJx3Crydln,,,,,41.6925,-71.5705,anonymous,EN,1,63614cab87b22b72231c66e0,2,5,1,1,1,6,4,5,2,5,3,6,4,3,5,5,2,5,5,4,3,5,3,6,7,6,3,3,6,5,6,2,1,1,2,1,1,1,7,voice,1,1,1,1,1,2,2,1,2,2,1,1,2,1,1,1,2,2,2,2,1,1,1,1,2,1,1,2,1,2,2,1,1,2,1,1,1,1,2,2,2,2,1,2,2,1,1,1,2,1,2,1,2,1,1,2,6,2,1,1,2,2,5,63614cab87b22b72231c66e0
0,184.59.10.37,100,460,1,8/2/23 11:40,R_3nwO282AsqpAWYQ,,,,,43.0818,-87.892,anonymous,EN,1,5fc6f4cff3df11159190cbef,5,5,4,5,6,7,6,5,2,5,2,4,2,1,5,7,2,7,5,5,5,6,6,7,6,6,2,6,5,7,6,2,6,4,1,1,6,3,6,flute,1,1,1,1,2,2,1,2,2,2,2,2,2,1,2,2,2,1,2,1,2,2,1,1,2,2,1,2,1,2,1,2,2,1,1,1,2,1,2,2,1,2,2,1,2,2,2,1,2,1,2,2,1,2,2,1,6,1,1,1,1,1,5,5fc6f4cff3df11159190cbef
0,98.62.220.14,100,644,1,8/2/23 11:41,R_cU6nLSn2QykzJVn,,,,,34.2319,-84.1627,anonymous,EN,1,610247cdbc9b348fd6601cb3,2,5,1,2,3,6,1,7,1,1,4,4,3,6,6,7,7,5,5,7,5,4,7,6,5,6,7,7,4,4,7,2,1,1,4,1,1,2,4,ukulele ,2,1,1,1,2,2,1,2,1,2,2,2,2,2,2,2,2,2,2,2,2,2,1,1,2,1,2,2,1,2,2,2,2,1,1,1,1,1,1,1,1,2,2,1,1,1,2,1,2,2,2,2,2,2,2,2,6,1,1,1,1,1,5,610247cdbc9b348fd6601cb3
0,64.203.226.175,100,518,1,8/2/23 11:46,R_2foXXMkJiePj04t,,,,,32.2508,-80.8718,anonymous,EN,1,5f5834134283933a1c3b42d0,6,6,3,1,3,5,7,3,1,5,3,7,2,2,6,6,3,6,6,6,2,6,2,6,6,3,3,5,3,5,7,2,7,7,1,1,6,5,4,guitar,1,1,2,1,2,2,1,2,2,2,2,2,1,2,2,2,2,1,2,1,2,2,1,1,2,2,2,2,1,1,2,2,1,1,1,1,1,1,1,2,1,2,2,1,1,1,2,1,2,2,2,2,1,2,2,2,6,1,1,1,1,1,5,5f5834134283933a1c3b42d0
0,174.197.1.53,100,841,1,8/2/23 11:48,R_21p1v51aUCW0UJS,,,,,32.7797,-96.8022,anonymous,EN,1,610631ba860f21ac066946cf,5,1,1,1,5,6,6,7,1,5,1,2,1,1,7,4,4,7,6,2,1,7,5,7,7,1,1,4,1,4,7,2,6,5,1,1,6,3,6,piano but it used to be trombone,2,1,1,1,2,2,1,2,2,2,2,2,2,1,2,2,2,2,1,1,1,2,2,1,2,2,2,2,2,2,1,2,1,1,1,1,2,1,1,1,2,1,2,1,1,1,2,2,2,1,2,2,2,2,1,2,6,2,1,1,1,1,5,610631ba860f21ac066946cf
0,198.109.124.3,100,2001,1,8/2/23 12:24,R_1oo6PVplpfH6fZM,,,,,42.3663,-82.9987,anonymous,EN,1,5cfb5233df7d70001619ca90,2,6,4,2,6,7,2,6,1,4,4,6,2,7,6,5,3,6,4,7,5,6,2,3,7,5,7,4,3,4,5,2,1,1,2,1,1,1,1,none,1,1,1,1,2,2,1,2,2,1,1,2,2,2,2,2,2,1,2,1,2,2,1,1,2,2,2,2,1,1,2,2,1,1,1,1,1,1,1,1,1,1,1,1,1,1,2,1,2,2,2,1,2,2,2,2,6,1,1,1,1,1,5,5cfb5233df7d70001619ca90
0,97.85.205.38,100,907,1,8/2/23 12:53,R_2YLd3j49HTtZTC9,,,,,39.7038,-91.3841,anonymous,EN,1,616604bed27acb2f4e2841a9,1,5,2,1,3,5,4,6,5,2,7,5,6,7,2,4,6,5,7,6,7,4,7,2,5,5,7,3,1,4,5,2,3,3,1,1,4,3,2,Piano,1,1,2,1,1,1,1,1,2,1,1,1,2,2,2,2,2,1,2,1,2,1,2,1,2,2,1,2,1,1,1,1,1,1,1,1,2,1,2,2,2,1,1,1,2,1,2,1,2,1,2,2,1,2,1,2,6,1,2,1,2,1,5,616604bed27acb2f4e2841a9
0,166.194.143.41,100,390,1,8/2/23 13:02,R_1QuYJGsghpEN1sp,,,,,33.5141,-112.1235,anonymous,EN,1,6448503fab8d495eb76b51b0,6,7,1,7,7,6,4,3,1,5,1,5,1,1,5,7,1,7,5,7,3,7,2,6,4,7,2,3,6,5,7,2,2,6,2,2,6,5,3,guitar,1,1,1,2,2,2,1,2,2,2,2,1,2,1,2,2,2,1,2,1,2,2,1,1,2,2,2,2,1,1,2,2,1,1,1,1,1,1,1,2,1,2,2,1,1,1,2,1,2,2,2,1,2,2,1,1,6,1,1,1,1,1,5,6448503fab8d495eb76b51b0
0,184.97.172.28,100,470,1,8/2/23 13:16,R_2rqKPVF4chexTGc,,,,,41.268,-96.1156,anonymous,EN,1,63cd28d7357a57089eebf985,3,3,1,2,5,6,4,5,1,3,4,5,1,4,5,7,4,7,7,7,4,7,1,4,7,6,7,6,5,5,7,2,3,2,3,1,3,1,2,voice,1,1,1,1,2,2,1,2,2,2,2,2,2,1,2,2,2,2,2,1,2,2,1,1,2,2,2,2,1,1,1,2,1,1,1,1,2,1,1,2,1,1,2,1,1,1,2,1,2,2,2,1,2,2,1,1,6,1,1,1,1,1,5,63cd28d7357a57089eebf985
0,71.219.196.202,100,580,1,8/2/23 13:37,R_BRkfDjvwf3KVtU5,,,,,36.9858,-79.8828,anonymous,EN,1,57c640dc0360fe0001ca1b1a,2,7,1,1,3,5,1,4,2,4,6,1,7,7,2,5,7,2,1,2,7,5,7,2,7,4,7,4,1,4,6,2,1,1,1,1,1,1,1,None,2,2,1,1,2,1,1,2,1,2,1,2,2,1,2,2,1,1,2,2,2,1,2,1,1,1,1,2,1,2,1,1,1,2,1,1,2,2,1,1,1,2,2,1,2,2,1,1,2,1,2,2,2,1,1,1,6,1,2,2,2,1,5,57c640dc0360fe0001ca1b1a
0,73.210.243.215,100,514,1,8/2/23 14:09,R_1jcRDKX3WXmNjv2,,,,,41.8482,-87.6521,anonymous,EN,1,5f17553ce0feb10c3dd2b16a,2,3,1,3,6,7,5,7,1,3,3,6,1,6,1,5,3,7,4,7,7,7,2,1,5,4,6,2,2,4,7,2,6,3,1,1,5,3,1,flute,1,1,1,1,2,2,1,2,2,2,1,2,2,1,2,2,2,1,2,1,2,2,1,1,2,2,2,2,1,1,2,2,1,1,1,1,1,1,1,2,1,1,2,1,2,1,2,1,2,2,2,1,2,2,1,2,6,1,2,1,2,1,5,5f17553ce0feb10c3dd2b16a
0,68.49.170.112,100,505,1,8/2/23 14:17,R_29nUKEbC90QnTzG,,,,,42.2807,-83.7801,anonymous,EN,1,5cb62e9293342300017a72a1,5,6,2,2,6,2,4,7,1,2,2,4,1,1,4,3,1,5,2,6,4,1,2,2,3,6,7,4,5,7,5,2,1,2,2,1,1,2,2,violin,1,1,2,1,1,1,1,1,2,2,2,1,2,2,1,2,2,1,2,1,1,1,2,1,2,2,2,2,1,1,2,2,1,2,1,1,1,1,1,2,2,2,2,2,2,2,2,1,2,2,2,1,1,2,2,2,6,1,2,1,2,2,5,5cb62e9293342300017a72a1
0,172.58.188.196,100,781,1,8/2/23 14:40,R_0chebf72HxVXi7L,,,,,38.894,-77.0365,anonymous,EN,1,62e05742fafd80b3f0c2e20b,3,7,1,4,6,7,7,3,4,4,5,5,5,1,4,4,4,4,5,5,5,7,1,5,5,6,3,4,5,9,4,2,1,3,1,1,1,3,2,keyboard,1,1,1,1,1,2,1,2,2,1,1,1,1,2,1,2,2,1,2,2,2,1,2,1,2,1,1,2,1,1,2,2,1,1,1,1,1,1,1,2,1,1,1,2,1,1,2,1,2,2,2,1,1,1,2,1,6,1,1,1,1,2,5,62e05742fafd80b3f0c2e20b
0,24.178.23.205,100,887,1,8/2/23 14:43,R_1EgoqCw7hB6zFsF,,,,,43.1205,-89.3523,anonymous,EN,1,60463896f9a82809f6eda231,6,4,1,4,7,6,7,3,1,7,2,5,2,1,6,7,2,7,7,7,3,7,1,7,1,6,1,2,4,7,6,2,7,6,5,1,1,3,5,Electric guitar,1,1,1,1,2,2,1,2,2,2,2,2,2,2,2,2,2,1,2,1,2,2,2,1,2,2,1,2,1,1,2,2,1,1,1,1,1,1,1,2,1,2,1,1,1,1,2,1,2,2,2,1,2,2,2,2,6,1,1,1,1,1,5,60463896f9a82809f6eda231
0,47.13.120.28,100,835,1,8/2/23 15:27,R_12gOaOs5PAYFOj0,,,,,36.3031,-88.3126,anonymous,EN,1,63f7cf04c7b1a4c4972e9254,2,6,2,4,7,7,7,4,3,6,3,6,1,1,2,4,2,6,6,7,6,6,1,2,6,7,4,3,6,7,7,2,7,5,3,7,7,4,1,Piano,1,1,1,2,1,1,1,2,2,2,1,2,1,1,2,2,1,1,2,1,1,1,2,1,2,2,1,2,1,1,2,1,2,1,2,1,2,1,2,2,2,1,2,1,2,1,2,1,2,1,2,2,2,1,1,1,6,1,2,2,2,2,5,63f7cf04c7b1a4c4972e9254
0,98.109.138.225,100,629,1,8/2/23 16:30,R_2zBGlwe1B2EXtKZ,,,,,40.6679,-74.1178,anonymous,EN,1,58adfc6e7cf56d0001f931a2,6,5,7,6,3,5,7,6,6,5,7,6,5,7,7,5,2,7,6,7,7,3,7,5,7,7,7,4,7,10,4,2,3,4,3,2,4,3,4,flute,2,1,2,2,2,2,2,2,2,2,1,2,2,2,2,1,1,1,2,1,1,1,2,1,2,2,1,2,2,2,1,1,2,2,1,2,2,2,1,1,2,1,2,1,1,1,2,1,2,2,2,2,2,2,1,1,6,2,2,2,1,1,5,58adfc6e7cf56d0001f931a2
0,73.76.198.24,100,629,1,8/2/23 16:57,R_1kZhMgcWTIgwME3,,,,,29.7646,-95.3657,anonymous,EN,1,60ffd5830c84e79af35b8080,3,6,1,3,2,6,5,4,1,1,2,3,2,5,5,7,2,5,6,5,3,4,3,7,1,7,7,7,4,10,7,2,2,4,7,1,1,3,7,drums,1,1,2,1,2,2,1,2,2,2,2,2,2,1,2,2,2,1,2,1,2,2,1,1,2,2,2,2,1,1,2,2,1,1,1,1,2,1,1,1,1,2,2,1,1,1,2,1,2,2,2,1,2,2,1,2,6,1,2,1,1,1,5,60ffd5830c84e79af35b8080
0,76.177.32.188,100,820,1,8/2/23 17:38,R_1N3u0W9qdGkKmUJ,,,,,38.2132,-84.5455,anonymous,EN,1,5e29dc4721a5f20481c70274,6,4,3,5,7,7,6,5,2,5,2,5,2,2,6,6,2,4,5,6,1,7,1,5,2,7,7,7,6,9,7,2,4,4,3,5,5,3,3,drums,1,2,1,1,2,2,1,2,2,2,2,2,2,2,2,2,2,1,2,1,2,2,1,1,2,2,2,2,1,1,2,2,1,1,1,1,1,1,1,2,1,2,1,1,1,1,2,1,2,1,2,1,2,2,1,2,6,1,1,1,1,1,5,5e29dc4721a5f20481c70274
0,98.28.96.51,100,767,1,8/2/23 19:06,R_2CjIJA87GrtgjIG,,,,,41.1236,-83.1819,anonymous,EN,1,64503cd10c8d8b8241b5dce6,1,3,1,1,7,6,1,2,2,1,1,4,2,7,2,7,4,4,3,6,7,4,7,3,7,6,7,1,1,4,7,2,1,1,1,1,1,1,1,none,1,1,1,1,2,2,1,2,2,2,2,2,2,1,2,2,2,1,2,1,2,2,2,1,2,2,2,2,1,1,2,2,2,1,1,1,1,1,1,2,1,1,2,1,1,1,2,1,1,2,2,1,1,2,1,2,6,1,2,1,2,1,5,64503cd10c8d8b8241b5dce6
0,107.207.89.33,100,728,1,8/2/23 20:11,R_e4IxxU4DaybUmTD,,,,,32.9758,-80.1869,anonymous,EN,1,5ebb046b569ac10bafd80daf,4,5,2,2,5,7,3,2,1,2,6,1,2,3,6,7,3,2,4,5,4,4,4,3,5,5,1,5,4,4,7,2,3,3,1,1,3,2,2,Piano ,1,2,2,2,1,1,1,2,2,2,2,1,1,1,2,2,2,2,2,2,1,1,2,1,2,1,1,1,2,2,2,2,2,1,2,1,2,2,1,2,2,1,2,2,1,2,2,1,1,2,2,2,2,1,1,1,6,1,1,1,1,2,5,5ebb046b569ac10bafd80daf
0,68.172.43.255,100,1596,1,8/2/23 21:41,R_3lDn4iKtOTgIX0M,,,,,43.4394,-76.4613,anonymous,EN,1,5d3356323e1190001909339b,3,5,6,3,5,6,3,5,1,1,7,6,2,7,3,6,6,1,5,7,7,2,7,3,1,6,7,3,1,4,6,2,1,1,3,1,1,1,3,na,1,1,1,2,2,2,1,1,2,2,2,2,2,2,2,2,2,2,2,1,2,2,1,1,2,2,2,2,1,1,2,2,2,1,1,1,1,1,1,2,1,2,2,1,1,1,2,1,2,2,2,1,2,2,2,2,6,1,1,1,1,1,5,5d3356323e1190001909339b
0,98.209.238.215,100,814,1,8/2/23 23:14,R_2EsGCv04l5kUpUY,,,,,43.0078,-83.806,anonymous,EN,1,606c9e1647fee0e506367aa2,3,7,1,5,6,6,6,5,1,5,3,4,2,2,4,7,3,7,4,7,7,7,1,4,3,6,5,6,5,6,7,2,7,5,2,4,6,3,4,digital keyboard,1,1,1,1,2,1,1,2,2,2,2,2,2,1,2,2,2,1,2,1,2,1,1,1,2,2,2,2,1,1,2,2,1,1,1,1,2,1,2,1,1,2,2,1,1,1,2,1,2,2,2,1,2,1,1,2,6,1,1,1,1,1,5,606c9e1647fee0e506367aa2
0,98.153.62.10,100,1052,1,8/3/23 4:05,R_UaoLh8Me0cb1cpr,,,,,47.7178,-122.2999,anonymous,EN,1,61210b5c3f465c51a7f4166a,3,1,1,3,6,1,2,3,2,3,3,7,1,6,2,4,3,2,6,5,7,5,2,1,5,6,7,4,5,5,6,2,1,1,1,1,1,1,1,Piano,1,1,1,1,2,2,1,2,2,2,1,2,1,2,2,1,2,1,2,2,1,2,2,2,1,2,1,2,2,1,2,1,1,1,1,1,2,1,1,2,2,1,1,1,1,1,1,1,2,2,2,2,1,2,2,1,6,1,1,1,1,2,5,61210b5c3f465c51a7f4166a
0,98.192.170.61,100,786,1,8/3/23 8:16,R_1Is0tG09bkgbhJh,,,,,37.7353,-121.4403,anonymous,EN,1,63f78d9a7a3d118594efff74,4,5,3,2,6,6,5,5,2,2,4,5,4,4,7,6,4,5,4,5,4,5,3,6,6,5,4,6,3,5,6,2,1,1,5,1,1,1,4,voice,1,1,1,2,2,2,1,1,2,2,1,2,1,1,2,2,2,2,2,1,2,1,1,1,2,2,2,2,1,2,2,2,1,1,1,1,2,1,1,2,1,2,2,1,1,1,2,1,2,2,2,2,1,1,2,2,6,1,1,1,1,1,5,63f78d9a7a3d118594efff74
0,69.77.196.102,100,529,1,8/3/23 8:45,R_2Cx0bih4r1fEiUE,,,,,43.6573,-103.4258,anonymous,EN,1,5a1fa084063e8600012fa6a3,4,5,2,1,5,6,2,2,1,1,4,5,2,7,3,7,4,5,2,6,7,5,6,4,6,6,7,6,3,7,7,2,1,1,2,1,1,1,4,voice,2,1,1,1,1,2,1,2,2,1,1,2,2,1,1,2,2,1,2,2,2,2,2,1,2,1,1,2,1,2,2,2,1,1,1,1,1,1,1,1,2,1,2,2,2,2,2,1,2,2,2,2,2,2,1,2,6,2,2,1,1,1,5,5a1fa084063e8600012fa6a3
0,76.34.174.3,100,695,1,8/3/23 10:17,R_3fr4QgtEHSPlJsH,,,,,41.1231,-81.5666,anonymous,EN,1,6110a371c00388d587922ff1,2,6,1,1,4,7,1,1,1,1,3,3,1,7,1,4,7,3,2,5,5,5,1,3,7,7,7,3,3,5,3,2,1,1,1,1,1,1,2,n/a,1,1,1,1,1,2,1,2,2,1,1,2,2,2,2,2,2,1,1,2,1,2,2,1,2,1,1,2,1,2,2,2,2,2,1,1,1,1,1,2,2,1,2,2,2,1,2,1,2,2,2,2,2,2,2,1,6,1,2,1,2,1,5,6110a371c00388d587922ff1
0,24.153.52.219,100,783,1,8/3/23 10:20,R_2s5yHJP2Q2nOezv,,,,,38.2573,-76.4498,anonymous,EN,1,64010a38650fe3a1a2de05a9,3,7,4,4,7,7,1,5,1,3,3,5,1,1,1,7,1,6,5,6,6,6,3,7,1,4,5,5,5,9,7,2,6,3,1,1,1,3,4,panio,1,2,1,1,1,2,1,2,1,1,2,2,2,2,2,2,2,1,2,1,2,1,1,1,2,2,1,2,2,1,2,2,1,1,1,1,1,1,1,2,2,1,2,2,2,1,2,1,2,2,2,2,1,2,2,2,6,1,1,1,1,2,5,64010a38650fe3a1a2de05a9
0,173.216.97.202,100,805,1,8/3/23 10:45,R_1N2j2ePd7yE07kC,,,,,35.7832,-91.6369,anonymous,EN,1,5b3e3a299a6a140001222ea1,3,5,2,6,6,4,5,7,2,4,4,3,7,4,5,3,3,7,4,6,2,6,1,7,3,6,4,6,4,5,5,2,4,5,5,4,5,2,6,voice,1,1,1,1,1,2,1,2,2,2,1,2,1,2,2,2,1,1,1,1,2,2,2,1,2,2,2,2,1,1,2,1,2,2,1,1,1,1,1,2,1,2,2,1,1,2,2,1,1,2,2,1,1,2,2,2,6,1,1,1,1,1,5,5b3e3a299a6a140001222ea1
0,172.59.232.143,100,646,1,8/3/23 11:04,R_2THJSNIJGrMVaHo,,,,,30.2627,-97.7467,anonymous,EN,1,6305235d094b81500c5e3371,3,3,5,5,3,5,5,4,5,4,4,5,2,2,2,4,3,3,3,3,3,3,3,4,3,3,6,4,3,7,4,2,1,1,2,1,1,2,2,piano,1,1,2,1,2,2,1,1,1,1,2,2,2,2,1,2,2,1,2,1,1,1,2,2,2,1,2,1,1,1,1,1,1,1,2,1,2,1,1,2,1,1,1,1,1,1,1,1,1,1,1,1,2,2,1,1,6,1,1,1,1,1,5,6305235d094b81500c5e3371
0,32.219.123.253,100,1019,1,8/3/23 11:32,R_31iQGzlha0AOVbX,,,,,41.3054,-73.1217,anonymous,EN,1,644ca5dc0dc3b5019e8f0469,2,1,2,1,5,6,3,2,6,3,4,4,5,6,2,4,3,4,3,4,7,4,5,1,1,2,7,2,1,4,4,2,1,1,2,1,1,1,1,voice,1,2,2,1,2,1,1,2,2,2,2,1,2,2,2,2,2,1,2,2,2,2,1,1,2,2,2,2,2,2,2,2,1,1,1,1,2,1,1,2,2,1,2,2,2,1,2,1,2,1,2,2,2,2,2,2,6,1,2,1,1,1,5,644ca5dc0dc3b5019e8f0469
0,216.163.24.50,100,417,1,8/3/23 11:51,R_22Fx8KTQkPsvr3l,,,,,34.7456,-92.3419,anonymous,EN,1,638e1da5ecf3d22cdf23925b,1,5,1,1,7,7,7,2,1,7,7,7,1,1,5,7,1,7,7,7,7,7,1,1,1,7,4,2,7,10,7,2,5,3,1,2,5,3,2,piano,1,2,1,1,1,1,1,2,2,2,2,2,1,2,2,2,2,1,2,1,2,2,2,1,2,2,2,2,1,1,2,1,1,1,1,1,2,1,1,2,2,2,2,1,1,2,2,1,2,2,2,2,2,2,2,1,6,1,1,1,1,2,5,638e1da5ecf3d22cdf23925b
0,68.54.251.47,100,284,1,8/3/23 12:05,R_2EF7VWwwsrKBkZk,,,,,42.2256,-83.3959,anonymous,EN,1,5d1bec8c25b3fc0001a754f9,1,7,1,1,1,6,1,6,1,1,7,7,1,1,5,7,1,1,1,1,7,1,1,1,7,6,7,7,1,7,1,2,1,2,3,3,4,4,4,none,1,1,2,1,1,2,2,1,2,1,1,1,2,2,1,1,2,2,1,1,1,1,2,2,2,1,2,2,1,2,2,2,2,2,1,2,2,2,2,2,2,2,1,2,2,2,2,2,2,1,2,2,2,1,2,1,6,2,2,1,2,2,5,5d1bec8c25b3fc0001a754f9
0,96.19.35.159,100,456,1,8/3/23 12:42,R_1F9x84DJx2Z9Att,,,,,42.5582,-114.4659,anonymous,EN,1,6112c7a6b0cc80578975e648,2,3,2,2,4,4,1,5,1,2,3,5,2,6,3,7,6,6,5,7,6,6,7,5,7,3,7,3,3,4,7,2,3,4,2,2,3,1,2,none,1,2,1,1,2,2,1,2,2,2,1,2,2,2,2,2,2,1,2,2,2,2,1,1,2,1,2,2,1,1,2,2,2,1,1,1,1,1,1,2,1,2,2,1,2,1,2,1,2,2,2,1,2,2,2,2,6,1,1,1,1,1,5,6112c7a6b0cc80578975e648
0,104.2.203.60,100,418,1,8/3/23 13:18,R_1Cm9rd3WbZGwEoN,,,,,41.4946,-90.5675,anonymous,EN,1,5f920aa80a785011ef6906e3,6,7,3,7,7,7,4,6,1,3,2,4,3,3,6,7,3,6,6,7,2,6,5,6,6,7,4,7,7,7,7,2,5,5,4,6,6,3,5,guitar,1,2,1,1,2,1,1,2,2,2,2,2,2,2,2,2,2,1,1,1,1,2,1,1,2,2,2,2,1,1,2,2,1,1,1,1,2,1,1,1,1,2,2,1,1,1,2,1,1,1,2,1,2,1,2,2,6,2,1,1,1,2,5,5f920aa80a785011ef6906e3
0,173.24.144.70,100,1776,1,8/3/23 14:29,R_2XoJKvBksyOaAKB,,,,,35.6208,-117.6732,anonymous,EN,1,631f42113c39c2121e543b18,2,2,2,4,7,6,7,4,2,7,2,6,2,2,2,5,2,6,4,5,6,7,2,2,2,4,3,4,5,5,6,2,1,1,1,1,1,1,2,voice,1,1,1,1,2,2,1,2,2,2,2,2,2,1,2,2,2,1,2,1,2,2,2,1,2,2,2,2,1,2,2,2,1,1,2,1,2,1,1,2,1,2,2,2,1,2,2,2,2,2,2,2,2,2,2,1,6,1,1,1,1,1,5,631f42113c39c2121e543b18
0,172.77.26.24,100,588,1,8/3/23 14:47,R_3KOCvOGoBJoZmDB,,,,,40.8957,-121.6603,anonymous,EN,1,5c796f4b4855980016a15557,6,6,2,5,7,6,6,4,1,6,1,7,1,1,4,7,1,7,7,7,4,7,1,5,4,7,3,4,6,8,7,2,7,2,1,6,7,3,2,violin,1,1,1,1,2,2,1,2,2,1,2,1,2,1,2,2,2,1,1,1,2,2,1,1,2,2,2,2,1,1,2,2,1,1,1,1,1,1,1,2,1,1,2,1,1,1,2,1,2,2,2,1,1,2,1,2,6,1,1,1,1,1,5,5c796f4b4855980016a15557
0,74.72.96.59,100,1264,1,8/3/23 15:40,R_UrNOWtggtDLUDGF,,,,,40.7123,-74.0068,anonymous,EN,1,5e837e917441520b9c662931,4,6,2,2,5,6,4,5,1,4,3,3,1,6,3,7,3,5,6,7,4,5,2,4,6,5,7,5,4,7,7,2,6,4,5,4,4,1,2,,1,1,1,1,2,1,1,2,2,2,2,2,2,2,2,2,2,1,2,1,2,2,1,1,2,2,2,2,1,2,2,2,1,1,1,1,2,1,1,2,1,2,2,1,1,1,2,1,2,2,2,1,2,2,2,2,6,1,1,1,1,1,5,5e837e917441520b9c662931
0,75.112.174.118,100,983,1,8/3/23 19:06,R_yEDBjGJexBtv2x3,,,,,28.4627,-81.3954,anonymous,EN,1,5f111456d672e8471ca03f46,7,2,7,3,7,7,6,4,3,6,1,7,1,1,7,7,1,7,7,7,1,7,1,7,2,7,2,6,5,9,7,2,7,5,2,1,7,3,7,bass guitar,1,1,2,2,1,2,1,2,1,2,1,2,2,1,2,2,2,2,1,1,2,2,2,1,2,2,2,2,1,1,1,2,2,1,1,1,1,1,1,1,1,1,2,1,2,1,2,1,2,1,2,2,2,2,1,2,6,2,1,1,1,1,5,5f111456d672e8471ca03f46
0,104.182.54.187,100,409,1,8/3/23 19:21,R_8BrDDDZvfFtTix3,,,,,35.7704,-78.6293,anonymous,EN,1,5ef764fd0ea7fe48a5fa130d,1,1,1,1,5,4,4,1,3,4,3,2,3,7,1,1,4,5,2,3,7,5,6,1,6,4,7,1,2,4,5,2,1,1,1,1,1,1,1,none,1,1,1,1,2,1,1,1,2,2,1,2,2,1,2,1,2,1,1,2,2,2,1,1,2,1,2,2,1,2,2,2,1,1,1,1,2,1,1,1,1,2,1,1,1,1,2,1,1,1,2,1,2,1,2,2,6,1,1,1,1,1,5,5ef764fd0ea7fe48a5fa130d
0,71.198.84.222,100,871,1,8/4/23 0:48,R_TurYP3dY6SmS7sJ,,,,,37.6736,-122.0944,anonymous,EN,1,644e6dd81437d4ee01583b9a,2,5,4,5,6,6,4,6,6,6,3,3,2,2,5,6,4,5,5,6,6,6,2,3,6,1,6,5,6,8,6,2,2,5,3,3,2,2,4,drum,1,1,1,1,2,2,1,2,2,2,2,2,2,2,2,2,2,1,2,1,2,2,1,1,2,2,2,2,1,1,1,2,1,1,1,1,1,1,1,2,1,2,2,1,1,1,2,1,2,2,1,1,1,2,2,2,6,1,1,1,1,1,5,644e6dd81437d4ee01583b9a
0,47.4.2.213,100,580,1,8/4/23 7:59,R_cAvw5wDosP3q3Lj,,,,,32.3816,-96.8322,anonymous,EN,1,62db80a54255407140d8843e,3,7,1,1,7,7,7,7,1,3,7,3,7,7,1,7,1,7,5,3,6,7,1,4,1,5,5,2,7,5,7,2,2,4,2,4,3,3,7,violin,1,1,1,1,1,1,2,2,2,2,1,2,2,1,2,2,2,1,2,1,1,2,2,1,1,2,1,1,1,2,1,2,1,2,1,1,2,1,1,2,1,2,2,1,1,1,2,2,2,2,2,1,1,2,1,2,6,1,1,1,2,1,5,62db80a54255407140d8843e
0,67.234.190.42,100,438,1,8/4/23 9:22,R_3O9rhBxVMhnK5sJ,,,,,38.5423,-92.1529,anonymous,EN,1,63ea79021f0c43def6174042,3,2,1,1,4,7,3,5,4,3,3,5,2,3,6,5,4,5,6,5,6,5,3,4,5,5,6,5,5,6,7,2,2,4,1,4,5,2,3,bass singing voice,1,1,1,1,2,2,1,2,2,2,2,1,1,1,2,2,2,2,2,1,2,2,1,1,2,2,1,2,1,1,2,2,1,1,1,1,1,1,1,1,1,2,2,2,1,1,2,1,2,1,2,1,2,2,1,2,6,1,1,1,1,1,5,63ea79021f0c43def6174042
0,172.56.168.164,100,748,1,8/4/23 11:28,R_1IGaHDEqeF4UFtx,,,,,38.581,-121.4939,anonymous,EN,1,60dfa0f80964725cfdab1685,1,5,1,1,7,7,7,7,1,3,1,5,1,1,5,5,3,7,5,7,7,7,1,1,7,7,7,3,7,8,7,2,7,5,1,1,1,4,2,Guitar,1,1,1,1,1,2,1,2,2,2,2,1,2,1,2,2,2,2,2,1,2,2,2,1,2,2,1,2,1,2,2,2,1,1,1,1,1,1,1,2,2,2,2,2,1,2,2,1,2,1,2,1,1,2,1,2,6,1,1,1,1,1,5,60dfa0f80964725cfdab1685
0,181.215.195.41,100,617,1,8/4/23 12:22,R_1mDi2DcKT9iIngf,,,,,41.9025,-87.6726,anonymous,EN,1,6130cdbb53f773b3125576a7,1,3,1,1,7,6,5,6,7,1,4,7,2,3,5,7,2,6,3,7,7,7,1,7,7,5,7,6,2,4,7,2,2,3,1,1,1,2,2,guitar,1,1,1,1,1,2,1,2,2,2,2,2,2,1,2,2,2,1,2,1,2,2,2,1,2,2,2,2,1,1,2,2,1,1,1,1,1,1,1,2,2,2,2,1,1,1,2,1,2,2,2,1,1,2,1,2,6,1,1,1,1,1,5,6130cdbb53f773b3125576a7
0,72.241.0.131,100,253,1,8/4/23 12:28,R_3LisTr0b9NSgG1j,,,,,41.6332,-83.579,anonymous,EN,1,61674c38a9dfe681d71f57d6,5,5,6,5,5,5,5,5,5,6,6,6,6,6,4,3,3,3,4,4,4,4,4,4,5,6,4,4,4,5,2,2,5,3,4,3,1,4,4,synth,1,1,2,2,2,1,1,1,1,1,1,1,2,2,1,1,1,1,1,1,2,2,1,1,1,2,1,1,2,2,1,1,2,1,2,1,1,1,1,2,1,1,1,2,1,1,2,2,2,2,2,1,2,2,2,2,6,1,1,1,2,1,5,61674c38a9dfe681d71f57d6
0,72.45.41.222,100,945,1,8/4/23 13:05,R_2xXyrskWHdhKQv4,,,,,40.3053,-78.954,anonymous,EN,1,6317ef4b168cfb9073e18519,6,5,4,5,7,5,4,6,2,7,2,6,3,4,6,7,2,6,5,3,4,7,1,7,2,6,3,6,7,6,5,2,7,5,4,5,7,2,6,voice,2,1,1,1,1,2,1,2,2,2,1,2,2,1,2,2,1,1,2,2,2,2,1,2,2,1,1,2,1,1,1,2,1,1,1,1,1,1,1,1,2,2,2,1,1,1,2,1,1,2,2,2,2,2,1,1,6,1,1,1,1,1,5,6317ef4b168cfb9073e18519
0,76.131.246.226,100,703,1,8/4/23 16:34,R_1CBfw9OHR16P6On,,,,,38.8374,-104.8225,anonymous,EN,1,60ef44f89b4d67be02d8eca9,4,1,1,4,7,7,6,6,6,6,1,6,1,6,5,6,1,7,7,6,4,7,1,1,2,6,6,6,6,7,1,2,1,1,3,1,1,1,6,voice,1,2,2,2,1,1,1,2,2,2,2,2,2,1,2,2,2,2,2,1,2,2,2,1,2,2,1,2,2,2,1,1,1,1,2,1,2,1,1,2,2,1,2,2,1,2,2,2,1,1,2,2,2,2,1,2,6,2,2,2,1,1,5,60ef44f89b4d67be02d8eca9
0,107.77.212.7,100,936,1,8/4/23 20:42,R_2bTTuV8djaGpTRg,,,,,37.7201,-121.919,anonymous,EN,1,5c0765e10ea1410001a9dc5f,4,7,1,1,7,7,2,2,7,1,1,6,1,7,1,3,7,7,7,4,7,7,1,4,7,7,1,1,1,4,7,2,1,1,1,1,1,1,4,guitar,1,1,1,1,1,2,1,1,2,2,1,2,2,2,1,2,2,1,1,1,1,2,2,1,2,2,1,2,1,2,1,2,1,1,1,1,1,1,1,2,2,1,1,1,1,1,2,1,2,1,2,2,1,2,1,1,6,1,2,1,1,1,5,5c0765e10ea1410001a9dc5f
0,207.228.47.35,100,1593,1,8/4/23 22:33,R_u8QOMRalQ8GsEDL,,,,,39.7793,-75.6946,anonymous,EN,1,627eb71410801644729fb08a,4,5,3,1,5,4,7,5,2,3,4,4,2,4,5,5,2,4,3,4,5,4,3,4,5,5,6,4,6,7,6,2,2,1,2,1,1,1,1,nothing,1,2,2,1,2,2,1,2,2,2,1,2,2,2,2,1,2,1,2,1,2,1,1,1,1,2,2,2,1,1,2,1,1,1,1,1,1,1,1,2,1,2,2,2,1,1,1,1,2,2,2,2,2,2,2,2,6,1,2,1,2,2,5,627eb71410801644729fb08a
0,108.183.255.181,100,265,1,8/5/23 8:51,R_2SdkDvojs3EcF0G,,,,,44.689,-75.4811,anonymous,EN,1,6312ada1ce715ee3916c3748,5,5,6,6,6,5,5,6,6,5,5,6,6,6,5,6,6,6,5,6,3,5,5,6,6,6,1,6,5,9,5,2,6,5,5,4,3,4,7,voice,1,1,1,1,2,2,1,2,2,2,1,1,2,1,2,2,2,1,1,1,1,1,1,1,1,1,1,2,2,1,2,1,1,2,1,1,1,1,1,2,2,2,1,1,1,1,2,2,2,2,2,2,1,1,1,1,6,1,1,1,1,1,5,6312ada1ce715ee3916c3748
0,173.72.145.196,100,698,1,8/5/23 9:17,R_3lS24EdrMwmz1kE,,,,,38.2479,-77.4636,anonymous,EN,1,60fdc00564398d684985cd61,1,4,1,1,6,7,7,3,2,4,4,5,1,5,2,7,4,6,4,5,7,3,7,5,7,5,7,4,7,8,7,2,1,1,1,1,1,1,2,voice. ,2,1,2,2,2,2,1,2,2,2,2,2,2,2,2,2,1,1,1,1,2,2,1,1,2,2,1,2,1,2,1,2,2,2,1,1,2,1,1,1,1,2,1,1,2,1,2,2,2,2,2,2,2,2,2,2,6,1,2,1,2,1,5,60fdc00564398d684985cd61
0,174.194.3.176,100,412,1,8/5/23 14:46,R_3PM3e6G8McI4a2N,,,,,39.8291,-86.0859,anonymous,EN,1,5e94fc39cc318836529fd876,1,4,1,1,7,6,5,1,4,5,1,7,1,3,2,5,2,5,3,6,7,7,2,3,7,6,7,4,7,6,6,2,1,1,1,1,1,1,2,voice,1,1,1,2,2,1,1,2,2,2,2,2,2,1,2,2,2,1,1,2,2,2,2,1,2,1,1,2,1,2,1,2,1,1,1,1,2,1,1,2,1,2,2,1,1,2,2,2,1,2,2,1,2,2,2,2,6,1,1,1,1,1,5,5e94fc39cc318836529fd876
0,65.190.150.211,100,385,1,8/5/23 15:41,R_2PbtLb2T85kN2Mo,,,,,35.6353,-78.4503,anonymous,EN,1,60fcd5602ff7c8f0866ecd0c,5,7,1,1,5,5,5,4,2,4,2,4,2,4,2,4,7,6,3,6,7,5,4,6,6,4,4,4,3,6,6,2,5,6,1,4,3,3,3,piano.,1,1,1,1,2,2,1,2,2,2,2,2,2,1,2,2,2,2,2,1,2,2,1,1,2,2,2,2,1,2,1,2,1,1,1,1,1,1,1,2,1,2,2,1,1,1,2,2,2,2,2,1,2,2,1,2,6,1,1,1,1,1,5,60fcd5602ff7c8f0866ecd0c
0,70.180.120.49,100,504,1,8/5/23 18:04,R_1BW49gyuRvEbqZm,,,,,29.8715,-90.07,anonymous,EN,1,631cea44de65b777f0f8e70a,2,6,2,2,3,6,2,4,2,1,4,3,5,4,3,4,5,3,3,6,6,3,5,5,5,4,5,6,3,5,7,2,7,5,1,1,1,3,4,guitar,1,1,1,1,1,2,2,2,2,2,2,2,2,2,2,2,2,1,2,1,2,2,1,1,2,2,2,2,1,1,2,2,1,1,1,1,1,1,1,2,2,2,1,1,1,1,2,1,2,2,1,2,1,2,2,2,6,1,1,1,1,1,5,631cea44de65b777f0f8e70a
0,72.208.30.6,100,555,1,8/5/23 23:38,R_2DUEjx21RLv8alU,,,,,33.3504,-111.782,anonymous,EN,1,5cb6527cdcd7180015d0a463,2,4,1,1,5,7,1,1,3,1,6,1,2,7,1,7,7,1,1,4,7,4,2,1,7,1,7,4,4,4,4,2,1,1,1,1,1,1,2,none,1,1,1,1,2,1,1,2,2,2,2,1,2,1,2,2,2,1,1,1,2,2,2,1,2,2,2,2,1,1,2,2,2,1,1,1,2,1,1,2,2,1,2,1,1,2,2,1,2,2,2,2,2,2,2,1,6,1,1,1,1,1,5,5cb6527cdcd7180015d0a463
0,173.72.74.237,100,1322,1,8/6/23 8:16,R_2vli9puSz6An1am,,,,,39.9152,-75.0739,anonymous,EN,1,5f2d95153c1140074cc81b4c,5,6,4,5,7,7,7,6,1,7,1,7,1,3,7,7,1,7,6,6,2,7,1,6,3,6,3,6,7,8,7,2,7,3,4,3,4,2,4,voice,1,1,1,1,2,2,1,2,2,2,2,2,2,2,2,2,2,2,2,1,2,2,1,1,2,2,2,2,1,1,1,2,1,1,1,1,1,1,1,2,1,2,2,1,1,1,2,2,2,2,2,1,2,2,2,2,6,1,1,1,1,1,5,5f2d95153c1140074cc81b4c
0,128.252.154.3,100,79398,1,8/6/23 9:34,R_27UPaaJb4ZDEzaL,,,,,38.6433,-90.2575,anonymous,EN,1,5ec59e86c9569f5e8000717b,3,2,3,2,5,4,3,6,5,6,2,5,4,5,5,5,2,2,3,3,2,5,3,4,6,4,6,5,5,7,5,2,1,1,4,3,2,2,2,harmonica,1,1,1,1,2,2,1,2,2,2,2,2,1,2,2,1,2,1,2,1,1,1,1,1,2,2,2,2,1,1,1,2,1,1,1,1,1,1,1,2,1,1,2,2,1,1,1,1,2,2,1,2,1,2,2,2,6,1,1,1,1,1,5,5ec59e86c9569f5e8000717b
0,68.8.14.176,100,1426,1,8/6/23 10:31,R_1LGR5afE0AagBqH,,,,,32.6917,-117.1151,anonymous,EN,1,5766d2f7fdff7a0001c1285b,1,4,1,1,6,6,1,1,1,1,7,1,1,7,1,6,7,4,1,1,7,5,7,4,7,5,7,1,1,4,7,2,1,1,1,1,1,1,1,none,1,1,1,1,2,2,1,2,2,2,2,2,2,2,1,2,2,1,2,1,2,2,1,1,2,2,2,2,1,1,1,1,2,1,1,1,1,1,1,1,2,2,2,1,1,1,2,1,2,1,2,1,2,2,1,1,6,1,1,1,1,1,5,5766d2f7fdff7a0001c1285b
0,104.49.85.227,100,758,1,8/6/23 18:51,R_XBWfQVAqpnCQnsZ,,,,,39.9126,-83.7821,anonymous,EN,1,5c6d04805cd55f0001129c26,4,6,3,2,6,7,4,7,1,5,2,6,2,2,5,7,3,7,6,7,6,7,2,7,7,6,6,6,3,4,7,2,4,4,2,1,1,2,7,Voice,1,1,1,1,2,2,1,2,2,2,1,2,2,1,2,2,2,1,2,1,2,2,1,1,2,2,1,2,1,2,1,2,1,1,1,1,1,1,1,2,1,2,2,1,1,1,2,2,1,2,2,1,1,2,1,1,6,1,1,1,1,1,5,5c6d04805cd55f0001129c26
0,47.26.202.9,100,1048,1,8/7/23 2:39,R_Z3Ls4FoP8FPnUfD,,,,,46.4151,-84.2854,anonymous,EN,1,614f297777d0d8f5e2a5b354,1,3,3,1,4,6,4,3,5,2,3,5,2,3,2,5,6,7,4,5,7,6,6,2,7,7,6,5,1,4,6,2,3,3,1,1,2,2,1,Guitar,2,2,1,1,2,2,1,2,1,2,2,2,2,2,2,2,2,2,2,1,1,1,2,1,2,2,2,2,1,2,1,2,1,1,1,1,1,1,1,1,1,1,2,1,1,1,2,2,2,2,2,2,2,2,2,2,6,1,1,1,1,1,5,614f297777d0d8f5e2a5b354
0,172.58.206.193,100,1081,1,8/7/23 8:45,R_3PHKDrfWRqJYluH,,,,,39.9597,-75.1995,anonymous,EN,1,5dd6a565f30aa662cba3d8de,5,7,6,5,7,7,7,6,1,7,1,7,1,1,7,2,1,7,7,7,1,7,1,6,2,7,1,7,7,10,7,2,7,5,6,7,7,5,4,electric guitar,1,2,1,1,1,2,1,2,2,2,2,2,2,2,2,2,2,1,1,1,2,2,1,1,2,2,2,2,1,2,1,2,1,1,1,1,1,1,1,2,1,1,2,2,1,1,2,2,1,1,2,2,2,2,2,2,6,1,1,1,1,1,5,5dd6a565f30aa662cba3d8de
0,73.186.112.41,100,438,1,8/7/23 9:09,R_6x7JvikZDgPKuoV,,,,,42.069,-72.676,anonymous,EN,1,5db896c80f6ebd000d5d8487,1,2,1,1,7,7,1,3,1,2,1,3,2,7,1,4,3,7,5,6,7,6,3,5,7,5,7,6,4,4,6,2,1,1,1,1,1,1,4,dont play,1,1,1,1,2,2,1,2,2,2,1,2,2,2,2,2,2,1,2,1,2,2,2,1,2,2,2,2,1,1,2,2,1,1,2,1,2,1,1,2,1,1,2,1,1,2,2,1,2,2,2,1,2,2,2,1,6,1,1,1,1,1,5,5db896c80f6ebd000d5d8487
0,68.2.33.211,100,598,1,8/7/23 10:31,R_3oYNhMehweMreXo,,,,,32.2503,-110.945,anonymous,EN,1,5f60fa0a0543ce036fa68ba0,4,7,2,4,6,7,1,6,7,4,2,7,1,4,4,6,4,7,6,6,3,7,4,6,4,7,6,7,6,7,7,2,4,5,3,1,5,2,3,organ,1,1,1,1,2,2,1,2,2,2,2,2,2,2,2,2,2,1,2,1,2,2,1,1,2,2,2,2,1,1,2,2,1,1,1,1,1,1,1,2,1,2,2,1,1,1,2,1,2,2,2,1,2,2,2,2,6,1,1,1,1,1,5,5f60fa0a0543ce036fa68ba0
0,76.173.194.243,100,804,1,8/7/23 11:07,R_1PbzKf5MziEcyDG,,,,,21.4254,-157.8138,anonymous,EN,1,5fd53e2d08163d37f7cb72f6,5,6,6,6,6,6,6,6,1,5,2,6,2,2,5,6,3,6,6,7,4,6,3,7,4,6,4,6,6,7,6,2,5,5,3,6,5,4,3,guitar,1,1,1,1,2,2,1,2,2,2,2,2,2,2,2,2,2,1,2,1,2,2,1,1,2,2,2,2,1,1,2,2,2,1,1,1,2,1,1,2,1,2,2,1,1,1,2,1,2,1,2,1,1,2,2,2,6,1,1,1,1,1,5,5fd53e2d08163d37f7cb72f6