,subject,bmrq_all,bmrq_ms,bmrq_ee,bmrq_mr,bmrq_sm,bmrq_sw,gengage,gemot,gsing,gpercep,gtrain,ggen,id
62,5e98892e73a9eb0add1df94a,4.9,4.75,5.0,5.0,5.0,4.75,48.0,22.0,29.0,45.0,31.0,75.0,5e98892e73a9eb0add1df94a
64,5b09e14b641b1200010eab6c,3.35,3.25,4.0,4.0,2.0,3.5,36.0,26.0,33.0,45.0,32.0,78.0,5b09e14b641b1200010eab6c
65,614e13f090d6fdfc820626bd,4.1,4.75,4.25,4.25,3.5,3.75,44.0,20.0,22.0,46.0,33.0,69.0,614e13f090d6fdfc820626bd
66,60fd0bf302847fa8d1186dc6,4.0,4.75,4.75,4.0,4.75,1.75,51.0,25.0,23.0,45.0,37.0,76.0,60fd0bf302847fa8d1186dc6
67,614a03baac82415bf7979cf5,4.0,3.75,4.5,4.0,4.25,3.5,40.0,24.0,29.0,47.0,33.0,81.0,614a03baac82415bf7979cf5
68,610421096c1af729ade5aac1,3.4,2.5,4.0,3.5,4.0,3.0,36.0,22.0,34.0,40.0,39.0,81.0,610421096c1af729ade5aac1
69,6112ef699d617464990fd01d,3.7,3.75,4.0,4.0,3.5,3.25,40.0,29.0,31.0,41.0,32.0,72.0,6112ef699d617464990fd01d
70,614e60f127b9ed6c4f9de15b,4.6,4.75,4.0,4.75,5.0,4.5,44.0,21.0,25.0,47.0,36.0,77.0,614e60f127b9ed6c4f9de15b
71,614ddb9d285d4590deb44706,2.9,2.5,3.5,4.0,2.75,1.75,29.0,26.0,30.0,38.0,31.0,74.0,614ddb9d285d4590deb44706
72,5d9b25688e606502933d4a7a,1.6,1.5,1.75,1.0,2.5,1.25,36.0,36.0,30.0,30.0,35.0,77.0,5d9b25688e606502933d4a7a
73,610e02ecfec09b71ff681d86,4.65,3.5,5.0,5.0,5.0,4.75,42.0,21.0,24.0,50.0,32.0,70.0,610e02ecfec09b71ff681d86
74,60fe2c4662ca0c1aa5e6016a,4.35,3.25,5.0,4.75,5.0,3.75,48.0,29.0,33.0,47.0,35.0,87.0,60fe2c4662ca0c1aa5e6016a
75,6116e50d7403301b8fb7c4c1,4.25,4.0,5.0,4.0,4.25,4.0,36.0,19.0,28.0,44.0,34.0,77.0,6116e50d7403301b8fb7c4c1
76,5a4ff86beedc32000141f232,4.4,4.25,4.5,5.0,4.25,4.0,44.0,22.0,27.0,47.0,32.0,74.0,5a4ff86beedc32000141f232
77,5de1ac810f8b6721970ab78a,1.35,1.25,2.0,1.0,1.25,1.25,39.0,26.0,29.0,38.0,42.0,89.0,5de1ac810f8b6721970ab78a
78,610049da8150fc6d3e6d6edc,4.5,4.0,5.0,4.75,4.75,4.0,43.0,28.0,31.0,45.0,38.0,77.0,610049da8150fc6d3e6d6edc
79,6119d9f5a882080ef1c9e9e6,3.6,3.5,3.5,4.0,3.5,3.5,42.0,23.0,28.0,41.0,34.0,79.0,6119d9f5a882080ef1c9e9e6
80,5aabd17644adc700014c8621,3.9,2.75,4.0,4.25,4.25,4.25,40.0,24.0,34.0,48.0,39.0,87.0,5aabd17644adc700014c8621
81,614e2b2bd900d5f91096ac12,3.55,3.25,3.5,4.0,4.0,3.0,39.0,21.0,25.0,49.0,33.0,72.0,614e2b2bd900d5f91096ac12
82,6154d20a40852bcd6ed5a3ec,4.75,5.0,5.0,5.0,4.5,4.25,47.0,24.0,31.0,47.0,41.0,83.0,6154d20a40852bcd6ed5a3ec
83,6167007b6e2a3e28b639498e,2.8,2.25,2.75,4.25,3.0,1.75,39.0,26.0,17.0,54.0,31.0,73.0,6167007b6e2a3e28b639498e
84,61087a3ac7ca8020fdbd4a5e,3.65,3.0,4.5,3.5,4.0,3.25,31.0,28.0,27.0,35.0,35.0,71.0,61087a3ac7ca8020fdbd4a5e
85,60fe08c2a3265b507a3861d4,4.35,4.25,4.25,4.5,4.75,4.0,39.0,19.0,31.0,49.0,37.0,81.0,60fe08c2a3265b507a3861d4
86,61639a7f700f7e698c6cd028,4.3,4.75,4.25,5.0,3.5,4.0,46.0,21.0,26.0,47.0,25.0,62.0,61639a7f700f7e698c6cd028
87,61539f48d20e1e5f4d9196b2,3.45,3.25,3.75,3.25,4.25,2.75,39.0,26.0,29.0,48.0,31.0,77.0,61539f48d20e1e5f4d9196b2
88,6170ca1921209ae902c51db7,3.6,2.5,3.5,3.75,4.5,3.75,36.0,22.0,28.0,45.0,31.0,75.0,6170ca1921209ae902c51db7
89,5ea3a20ac30a773368592f9e,4.6,4.25,4.75,5.0,5.0,4.0,41.0,19.0,22.0,47.0,36.0,74.0,5ea3a20ac30a773368592f9e
90,615630f6686c2ea1a0766e23,4.3,4.5,4.75,4.5,4.25,3.5,46.0,19.0,28.0,45.0,31.0,74.0,615630f6686c2ea1a0766e23
91,6158d01f302cf46b673dd597,3.9,3.75,4.75,3.75,3.75,3.5,37.0,19.0,22.0,47.0,35.0,66.0,6158d01f302cf46b673dd597
92,611130b78c077f0127a0b9fc,3.95,3.5,4.25,3.75,4.25,4.0,39.0,18.0,32.0,47.0,25.0,71.0,611130b78c077f0127a0b9fc
93,564d1fedb48dec0005b5191d,2.3,1.0,2.0,2.5,2.5,3.5,34.0,22.0,23.0,36.0,32.0,84.0,564d1fedb48dec0005b5191d
94,610a461594c84308409d30ca,3.15,3.25,4.0,4.0,1.75,2.75,35.0,22.0,28.0,43.0,32.0,78.0,610a461594c84308409d30ca
95,613b72a496d8d5b99cecb888,3.35,3.25,2.75,4.0,4.25,2.5,39.0,23.0,29.0,38.0,37.0,85.0,613b72a496d8d5b99cecb888
96,5f21d57a48386f1550a2e7c2,2.8,2.25,3.5,3.5,1.5,3.25,23.0,23.0,31.0,34.0,32.0,76.0,5f21d57a48386f1550a2e7c2
97,5d57f9cdedef630016280505,4.7,4.0,4.5,5.0,5.0,5.0,55.0,24.0,28.0,48.0,31.0,76.0,5d57f9cdedef630016280505
98,61095a40919bbd3c8637052e,3.75,3.5,3.75,4.0,3.5,4.0,41.0,25.0,32.0,50.0,35.0,78.0,61095a40919bbd3c8637052e
99,615f87082ac0e636b68e06af,3.15,3.25,3.25,4.0,2.0,3.25,25.0,26.0,29.0,43.0,33.0,74.0,615f87082ac0e636b68e06af
100,6157fcfbf6d62c2b3bf574da,4.1,3.25,4.25,4.75,4.5,3.75,46.0,24.0,36.0,38.0,33.0,87.0,6157fcfbf6d62c2b3bf574da
101,614f0cfd6a0b72631a010f7a,3.35,1.5,3.75,3.5,4.0,4.0,26.0,24.0,29.0,46.0,34.0,77.0,614f0cfd6a0b72631a010f7a
102,615d051e2366aeb051acb734,2.95,3.0,1.5,4.25,2.75,3.25,36.0,25.0,29.0,45.0,31.0,81.0,615d051e2366aeb051acb734
103,6150842d1d21ce2cf9f024e5,4.2,3.75,4.5,4.0,5.0,3.75,43.0,25.0,28.0,51.0,34.0,80.0,6150842d1d21ce2cf9f024e5
104,60f76003b80ed2391faccd28,5.0,5.0,5.0,5.0,5.0,5.0,51.0,18.0,25.0,51.0,25.0,72.0,60f76003b80ed2391faccd28
105,5fba9fdd33207faa35f61df3,2.5,3.0,1.5,3.5,1.5,3.0,34.0,21.0,25.0,44.0,31.0,78.0,5fba9fdd33207faa35f61df3
106,5dea5ba4446c901777bde897,3.6,3.25,5.0,3.5,3.5,2.75,35.0,26.0,31.0,54.0,30.0,77.0,5dea5ba4446c901777bde897
107,60fefab902f96c16ff088bf9,3.8,3.0,2.75,4.75,4.75,3.75,42.0,22.0,31.0,46.0,35.0,81.0,60fefab902f96c16ff088bf9
108,6150840e2b45145c1520efeb,3.45,3.5,4.0,2.75,3.75,3.25,45.0,21.0,30.0,44.0,39.0,87.0,6150840e2b45145c1520efeb
109,61085e891d3bd996cecb9f3e,4.05,4.25,4.25,4.0,4.0,3.75,37.0,20.0,32.0,45.0,36.0,83.0,61085e891d3bd996cecb9f3e
110,611d85eed6ae2432c258f0aa,1.45,1.25,1.0,2.75,1.25,1.0,24.0,21.0,28.0,37.0,31.0,77.0,611d85eed6ae2432c258f0aa
111,60d38bc77bf91667dce30e64,3.6,3.75,3.5,4.5,3.25,3.0,38.0,17.0,31.0,41.0,33.0,81.0,60d38bc77bf91667dce30e64
112,616a6204b989f71da0a1a889,3.4,3.25,3.5,4.0,3.25,3.0,39.0,23.0,28.0,43.0,34.0,79.0,616a6204b989f71da0a1a889
113,60a325e8635aef48f32a81d1,3.85,4.25,4.25,4.75,2.0,4.0,41.0,21.0,27.0,43.0,30.0,70.0,60a325e8635aef48f32a81d1
114,617091f4a8324834338a8c26,4.4,2.75,5.0,4.75,4.75,4.75,30.0,26.0,27.0,44.0,34.0,72.0,617091f4a8324834338a8c26
115,5d923c2e235f4b0017f269c2,1.85,2.0,1.5,3.25,1.5,1.0,31.0,22.0,30.0,42.0,38.0,82.0,5d923c2e235f4b0017f269c2
116,5e555e3152f93b5508f5bc16,4.75,4.5,5.0,5.0,5.0,4.25,42.0,20.0,33.0,48.0,34.0,80.0,5e555e3152f93b5508f5bc16
117,615081c7ccbaea1db00d8e0c,4.35,3.25,4.75,4.5,4.5,4.75,44.0,26.0,26.0,40.0,27.0,69.0,615081c7ccbaea1db00d8e0c
118,5d89106d1719af0001ee23e5,4.1,3.75,3.75,4.25,4.5,4.25,42.0,18.0,27.0,51.0,31.0,76.0,5d89106d1719af0001ee23e5
119,6107a25136150db75b9219ab,4.15,3.25,4.75,4.0,4.25,4.5,47.0,20.0,29.0,47.0,35.0,79.0,6107a25136150db75b9219ab
120,5c40bb8880392f00015e8910,3.85,3.0,4.25,4.0,4.5,3.5,40.0,22.0,23.0,40.0,31.0,75.0,5c40bb8880392f00015e8910
121,61042ac491305753cd36f6fa,4.1,3.5,4.75,4.5,4.0,3.75,40.0,21.0,33.0,42.0,37.0,80.0,61042ac491305753cd36f6fa
122,5d88db42c1d06e001a1fdcab,3.85,3.5,4.0,4.5,3.25,4.0,43.0,19.0,29.0,49.0,28.0,77.0,5d88db42c1d06e001a1fdcab
123,6143af8721d1445864c4f6c8,4.5,4.5,4.75,4.75,4.25,4.25,42.0,21.0,26.0,50.0,31.0,69.0,6143af8721d1445864c4f6c8
124,6175cd66d18e9a9c590885e4,4.4,4.25,4.25,5.0,4.5,4.0,47.0,17.0,23.0,46.0,27.0,73.0,6175cd66d18e9a9c590885e4
125,614f5c2c9680e609fa6d8278,3.8,4.25,4.5,4.25,3.75,2.25,39.0,23.0,26.0,45.0,32.0,71.0,614f5c2c9680e609fa6d8278
126,56514c84715ff50011a43878,4.35,3.75,5.0,4.25,5.0,3.75,35.0,19.0,27.0,46.0,34.0,68.0,56514c84715ff50011a43878
127,617175bc661c4fb400cc7782,3.9,4.0,5.0,5.0,2.25,3.25,42.0,21.0,17.0,57.0,39.0,71.0,617175bc661c4fb400cc7782
128,60fd55347ecf24cea79829f8,4.4,4.25,5.0,5.0,4.25,3.5,43.0,21.0,27.0,43.0,35.0,73.0,60fd55347ecf24cea79829f8
129,60fe3a34f7f4d5e48ad56af2,4.15,3.75,4.5,4.75,4.75,3.0,37.0,26.0,32.0,36.0,31.0,71.0,60fe3a34f7f4d5e48ad56af2
130,61329758a6a8f07ab3d640cf,2.65,3.5,3.0,3.0,1.0,2.75,43.0,26.0,28.0,46.0,29.0,75.0,61329758a6a8f07ab3d640cf
131,5bedf436d9949b00013813fd,3.4,4.0,4.0,4.25,1.5,3.25,40.0,20.0,31.0,49.0,37.0,79.0,5bedf436d9949b00013813fd
132,607ba9f40639e8a2c931d622,3.35,2.75,3.25,3.75,4.25,2.75,33.0,19.0,29.0,41.0,38.0,81.0,607ba9f40639e8a2c931d622
133,614f4d4860dfe4045d2e46c5,3.85,3.0,3.75,4.5,4.5,3.5,48.0,25.0,34.0,39.0,32.0,82.0,614f4d4860dfe4045d2e46c5
134,60fd60e7587e4f2e860338b4,3.45,3.5,3.0,4.75,3.5,2.5,41.0,27.0,27.0,43.0,39.0,90.0,60fd60e7587e4f2e860338b4
135,6117214062a6bb7bee98def6,4.6,4.0,5.0,5.0,5.0,4.0,43.0,18.0,29.0,45.0,37.0,83.0,6117214062a6bb7bee98def6
136,5d75d01a871bc100183b4749,3.95,3.25,4.5,4.75,3.75,3.5,43.0,22.0,33.0,43.0,39.0,87.0,5d75d01a871bc100183b4749
137,5ee2916b70aa643be19c0036,3.2,2.5,4.0,3.75,2.5,3.25,32.0,23.0,32.0,37.0,32.0,81.0,5ee2916b70aa643be19c0036
138,5c2789fc1694480001e4c4e3,3.7,4.25,3.75,4.0,3.25,3.25,37.0,17.0,25.0,44.0,31.0,67.0,5c2789fc1694480001e4c4e3
139,60fdbdce84e8273955f574d2,4.7,4.5,4.75,4.75,5.0,4.5,45.0,23.0,30.0,47.0,29.0,77.0,60fdbdce84e8273955f574d2
140,615d2f8eec57c5ed67cae1a7,4.05,4.0,4.25,4.0,3.25,4.75,43.0,28.0,31.0,43.0,29.0,75.0,615d2f8eec57c5ed67cae1a7
141,60fd8d0cb609890e38b8dc90,2.55,2.25,1.75,2.5,3.25,3.0,35.0,25.0,32.0,43.0,26.0,77.0,60fd8d0cb609890e38b8dc90
142,614fb78a1b669f5333f1b6be,3.4,2.5,3.25,3.75,3.75,3.75,42.0,25.0,29.0,46.0,31.0,77.0,614fb78a1b669f5333f1b6be
143,6115630e23750c48f598d6a6,3.75,3.5,2.5,4.25,4.0,4.5,36.0,18.0,28.0,41.0,30.0,68.0,6115630e23750c48f598d6a6
144,60de3caba8fbf2e04c048e1c,3.25,3.5,1.75,3.5,4.0,3.5,42.0,22.0,22.0,47.0,39.0,78.0,60de3caba8fbf2e04c048e1c
145,61268b0a2ca643114799f1e5,4.3,3.5,4.75,4.5,4.25,4.5,44.0,24.0,27.0,44.0,31.0,68.0,61268b0a2ca643114799f1e5
146,61266d8b3f4772cd988c92bf,4.8,4.25,5.0,5.0,4.75,5.0,45.0,26.0,27.0,46.0,26.0,66.0,61266d8b3f4772cd988c92bf
147,6103a6a5b1d93e18d85a6f23,4.25,4.0,5.0,4.75,3.25,4.25,34.0,25.0,38.0,47.0,35.0,82.0,6103a6a5b1d93e18d85a6f23
148,611acc94bce8afe988d5ace9,4.3,4.0,5.0,5.0,3.75,3.75,45.0,17.0,28.0,58.0,32.0,76.0,611acc94bce8afe988d5ace9
149,6107088428de1480e9588e38,4.45,4.25,4.5,5.0,4.75,3.75,46.0,20.0,26.0,47.0,35.0,75.0,6107088428de1480e9588e38
150,614f182a8cb18e23669e55ab,3.85,3.25,4.0,4.0,4.0,4.0,42.0,19.0,30.0,45.0,30.0,81.0,614f182a8cb18e23669e55ab
151,6170e1896c3f5733f923883d,3.85,3.5,4.0,4.25,4.25,3.25,36.0,23.0,26.0,43.0,27.0,68.0,6170e1896c3f5733f923883d
152,61560db6a537f0c454b23db0,3.65,4.5,4.0,3.5,2.5,3.75,42.0,15.0,30.0,43.0,34.0,80.0,61560db6a537f0c454b23db0
153,5c769cf9f2fe9400149289f3,4.25,3.5,4.5,4.75,4.5,4.0,43.0,25.0,30.0,51.0,29.0,74.0,5c769cf9f2fe9400149289f3
154,611880d3d174718bfff2fd10,4.9,4.5,5.0,5.0,5.0,5.0,51.0,29.0,41.0,46.0,35.0,91.0,611880d3d174718bfff2fd10
155,60fde2daa292862be1c9a7a4,4.8,4.75,5.0,5.0,4.75,4.5,47.0,23.0,24.0,49.0,27.0,66.0,60fde2daa292862be1c9a7a4
156,612bfa26437162073ed2077b,4.7,4.5,4.75,5.0,4.75,4.5,49.0,33.0,29.0,45.0,35.0,86.0,612bfa26437162073ed2077b
157,5858c6178604ae000165e66a,4.35,4.75,4.5,5.0,4.0,3.5,49.0,18.0,30.0,45.0,34.0,82.0,5858c6178604ae000165e66a
158,6066736bd2119d9d5f7232eb,4.0,3.75,4.75,4.0,4.0,3.5,39.0,19.0,32.0,49.0,32.0,77.0,6066736bd2119d9d5f7232eb
159,611ab91a00baa062f55b86d8,3.9,3.5,4.0,4.25,4.0,3.75,38.0,23.0,31.0,47.0,32.0,81.0,611ab91a00baa062f55b86d8
160,54849ec4fdf99b0379939d1d,4.65,4.5,5.0,4.75,4.0,5.0,52.0,29.0,27.0,46.0,33.0,83.0,54849ec4fdf99b0379939d1d
161,613589ac6333693e1927fa76,4.45,4.25,3.75,5.0,5.0,4.25,52.0,21.0,30.0,31.0,37.0,78.0,613589ac6333693e1927fa76
162,5bf408f7f35e0c000101693a,4.15,4.0,4.0,5.0,5.0,2.75,45.0,21.0,25.0,48.0,31.0,73.0,5bf408f7f35e0c000101693a
163,5c3388fa01439b0001a0adfe,3.8,3.5,4.0,3.75,3.75,4.0,39.0,25.0,28.0,43.0,38.0,80.0,5c3388fa01439b0001a0adfe
164,614227ca2722b36a2e6a593b,4.9,5.0,5.0,5.0,5.0,4.5,46.0,25.0,26.0,50.0,37.0,75.0,614227ca2722b36a2e6a593b
165,5b98d9362cca9c0001de161f,4.05,3.75,4.25,4.75,4.0,3.5,43.0,18.0,25.0,44.0,32.0,81.0,5b98d9362cca9c0001de161f
166,6153b731fe77f89b38904ba1,4.25,3.75,4.75,4.0,4.5,4.25,43.0,20.0,27.0,45.0,30.0,71.0,6153b731fe77f89b38904ba1
167,6109ed83fee91ce5c4a316c2,4.1,3.75,4.5,5.0,4.25,3.0,29.0,29.0,30.0,47.0,42.0,73.0,6109ed83fee91ce5c4a316c2
168,5e437d7404eaba215eafbd2a,3.65,3.25,3.0,3.75,4.75,3.5,37.0,25.0,32.0,47.0,44.0,85.0,5e437d7404eaba215eafbd2a
169,573348527d01ed000f8f1615,3.2,2.5,4.25,2.0,2.75,4.5,36.0,26.0,33.0,45.0,28.0,73.0,573348527d01ed000f8f1615
170,5bfd81fb2feab400014d9060,3.95,3.25,4.25,4.5,4.0,3.75,42.0,19.0,25.0,42.0,32.0,78.0,5bfd81fb2feab400014d9060
171,615e4e4d462dd102be124bad,4.1,4.25,4.0,4.5,4.25,3.5,45.0,21.0,26.0,41.0,30.0,70.0,615e4e4d462dd102be124bad
172,615dd0b0a024ba4f4b4f7c24,4.8,4.75,4.5,4.75,5.0,5.0,50.0,19.0,25.0,46.0,27.0,71.0,615dd0b0a024ba4f4b4f7c24
173,5e6d6b3fe152873320a57f07,4.0,3.25,4.25,4.0,4.25,4.25,36.0,24.0,30.0,48.0,35.0,73.0,5e6d6b3fe152873320a57f07
174,5fadeb340e10471fdeb5fbf5,3.5,3.5,3.0,4.25,4.0,2.75,42.0,29.0,26.0,40.0,34.0,85.0,5fadeb340e10471fdeb5fbf5
175,614e381ef73960e88ea0f655,2.4,2.25,1.25,2.0,3.75,2.75,31.0,30.0,29.0,43.0,29.0,76.0,614e381ef73960e88ea0f655
176,611830fe665c7b68723910b3,4.4,4.0,4.75,5.0,4.25,4.0,47.0,31.0,32.0,54.0,43.0,80.0,611830fe665c7b68723910b3
177,60255901704fd208ecdcf32b,3.75,3.5,4.0,4.5,3.25,3.5,43.0,19.0,29.0,50.0,38.0,85.0,60255901704fd208ecdcf32b
178,5fd7f08920e71c0f734ee097,4.25,4.0,4.25,4.0,4.75,4.25,45.0,21.0,28.0,42.0,26.0,75.0,5fd7f08920e71c0f734ee097
179,6127d9b94dccb10213a1e2be,4.3,3.5,4.5,4.0,4.75,4.75,43.0,24.0,30.0,49.0,34.0,77.0,6127d9b94dccb10213a1e2be
180,615a52dc1023ec320abdd0b6,4.35,4.25,4.0,5.0,4.5,4.0,45.0,22.0,23.0,42.0,30.0,68.0,615a52dc1023ec320abdd0b6
181,615de4a661d61a75f46c0aa9,4.1,4.25,4.25,4.25,4.0,3.75,47.0,18.0,29.0,48.0,33.0,81.0,615de4a661d61a75f46c0aa9
182,6121e36192d8fd0203910a30,4.0,3.75,2.5,4.5,4.75,4.5,44.0,18.0,26.0,40.0,41.0,81.0,6121e36192d8fd0203910a30
183,60d4edd50a63d7874c704979,2.55,2.25,2.5,2.0,3.5,2.5,33.0,26.0,24.0,44.0,37.0,76.0,60d4edd50a63d7874c704979
184,6108679d62f745cd4aa00efa,2.55,2.5,2.5,3.0,3.0,1.75,35.0,28.0,31.0,38.0,36.0,85.0,6108679d62f745cd4aa00efa
185,61214437be6b886302dc6198,4.7,4.25,4.75,5.0,5.0,4.5,44.0,20.0,33.0,45.0,36.0,80.0,61214437be6b886302dc6198
186,6156498c17bdcd7cb70c420c,4.45,3.75,5.0,5.0,4.5,4.0,46.0,21.0,23.0,43.0,32.0,77.0,6156498c17bdcd7cb70c420c
187,6174204a556281a40405ab0d,4.0,4.0,4.0,4.0,4.0,4.0,40.0,21.0,26.0,47.0,32.0,77.0,6174204a556281a40405ab0d
188,60fe176cf09dbffb8b98b640,3.3,3.0,3.0,4.0,3.0,3.5,37.0,31.0,30.0,38.0,30.0,74.0,60fe176cf09dbffb8b98b640
189,573a8aca67421f000f191c52,3.7,3.5,3.25,4.0,4.25,3.5,40.0,17.0,27.0,38.0,32.0,76.0,573a8aca67421f000f191c52
190,6157769623f8b93ecb608d03,3.9,3.25,4.5,4.5,3.25,4.0,40.0,20.0,29.0,48.0,32.0,75.0,6157769623f8b93ecb608d03
191,5dfd077e3690bd03bfa91d48,4.0,4.0,4.0,4.0,4.0,4.0,42.0,17.0,26.0,38.0,31.0,76.0,5dfd077e3690bd03bfa91d48
192,601228de8f04be234171ca8f,4.1,3.25,4.0,4.25,4.75,4.25,47.0,23.0,28.0,58.0,32.0,77.0,601228de8f04be234171ca8f
193,614e088cf42a096eee875324,4.0,3.75,4.25,4.25,3.5,4.25,38.0,26.0,32.0,43.0,33.0,79.0,614e088cf42a096eee875324
194,6151c1e628977359d9fc8f7f,3.5,3.75,3.75,3.0,3.5,3.5,39.0,30.0,31.0,37.0,27.0,82.0,6151c1e628977359d9fc8f7f
195,5ed543442db0060a955d12e1,4.5,4.0,4.75,5.0,4.5,4.25,49.0,28.0,34.0,56.0,35.0,84.0,5ed543442db0060a955d12e1
196,60fde2dcd1deb9c16988f4ea,4.5,4.75,4.25,5.0,4.25,4.25,46.0,23.0,31.0,46.0,38.0,90.0,60fde2dcd1deb9c16988f4ea
197,612d384d2854531514c9be92,4.6,4.5,5.0,4.25,4.5,4.75,45.0,21.0,27.0,51.0,30.0,75.0,612d384d2854531514c9be92
198,615217688befe3d99bf4199c,4.8,4.5,5.0,5.0,5.0,4.5,36.0,22.0,27.0,37.0,28.0,71.0,615217688befe3d99bf4199c
199,61575f1257634f8182c29c16,3.55,3.25,2.75,5.0,4.0,2.75,40.0,22.0,21.0,39.0,30.0,66.0,61575f1257634f8182c29c16
200,6108bcb97662ef12abdd5d6c,4.05,3.75,4.75,4.5,3.25,4.0,35.0,25.0,31.0,50.0,34.0,74.0,6108bcb97662ef12abdd5d6c
201,60fda0fbed68b10930a7085f,4.0,3.5,4.5,4.5,3.5,4.0,45.0,22.0,33.0,50.0,41.0,90.0,60fda0fbed68b10930a7085f
202,60257a593444df0f0876bcbc,4.15,3.5,4.25,4.5,4.25,4.25,40.0,29.0,20.0,33.0,25.0,66.0,60257a593444df0f0876bcbc
203,610629a85270e85af13a6020,4.7,4.5,4.75,5.0,4.25,5.0,38.0,24.0,32.0,45.0,28.0,69.0,610629a85270e85af13a6020
204,60fd9b058f1da0d6103dacfe,3.65,3.5,4.0,4.0,3.0,3.75,40.0,19.0,33.0,50.0,36.0,83.0,60fd9b058f1da0d6103dacfe
205,61592ea07347e286bca1955f,1.95,2.0,1.5,3.0,1.25,2.0,32.0,26.0,26.0,37.0,35.0,80.0,61592ea07347e286bca1955f
206,61140d2c5d85c524932a2c59,4.15,4.0,4.75,4.5,4.5,3.0,38.0,24.0,31.0,50.0,33.0,83.0,61140d2c5d85c524932a2c59
207,5aa55cf8dbdb470001ef4cc5,4.4,3.5,5.0,5.0,4.5,4.0,40.0,21.0,34.0,51.0,43.0,97.0,5aa55cf8dbdb470001ef4cc5
208,608f39d2c76e436967135846,3.4,4.75,1.5,4.75,2.5,3.5,52.0,19.0,24.0,48.0,39.0,84.0,608f39d2c76e436967135846
209,5be9d1cb271bf100015249f9,4.7,4.25,4.75,5.0,5.0,4.5,39.0,19.0,24.0,46.0,28.0,64.0,5be9d1cb271bf100015249f9
210,61577cfb758541d9e85d5d4e,4.8,4.5,5.0,5.0,5.0,4.5,43.0,24.0,28.0,54.0,24.0,67.0,61577cfb758541d9e85d5d4e
211,5c6b06511519ac0001668c26,4.3,5.0,4.25,4.0,4.0,4.25,44.0,19.0,25.0,42.0,29.0,70.0,5c6b06511519ac0001668c26
212,60de8b8764b0880101aea9dd,2.55,1.75,3.5,3.5,1.5,2.5,39.0,32.0,30.0,47.0,39.0,86.0,60de8b8764b0880101aea9dd
213,5bbc18010cb04c00015025ce,4.55,4.0,4.5,4.75,5.0,4.5,40.0,23.0,30.0,47.0,33.0,78.0,5bbc18010cb04c00015025ce
214,616f0db947219764c0ee33b7,3.4,3.25,3.25,3.75,3.0,3.75,37.0,24.0,24.0,35.0,28.0,71.0,616f0db947219764c0ee33b7
215,5cdad620eae6f70019d4e950,3.25,3.5,2.25,4.75,2.5,3.25,41.0,21.0,27.0,44.0,36.0,78.0,5cdad620eae6f70019d4e950
216,614e91d01db87cd2ded7b2f9,3.25,3.5,2.75,4.75,2.75,2.5,49.0,23.0,30.0,45.0,36.0,84.0,614e91d01db87cd2ded7b2f9
217,60fcfac5e20edfa3acdc87e0,3.85,3.25,3.75,4.0,4.75,3.5,44.0,18.0,26.0,47.0,30.0,75.0,60fcfac5e20edfa3acdc87e0
218,5fd64bbdd15e6e51f34215fc,4.6,4.0,4.25,5.0,5.0,4.75,39.0,22.0,31.0,47.0,33.0,83.0,5fd64bbdd15e6e51f34215fc
219,612088da3892858c374cf837,3.95,4.0,4.75,3.75,3.75,3.5,38.0,19.0,31.0,42.0,34.0,74.0,612088da3892858c374cf837
220,5a8b1ee2000dab00018cc7cd,4.45,4.25,4.75,4.75,4.0,4.5,45.0,25.0,34.0,48.0,35.0,85.0,5a8b1ee2000dab00018cc7cd
221,61588d3760a3e57cb950a6eb,3.6,2.75,4.25,4.5,4.0,2.5,42.0,20.0,27.0,42.0,32.0,78.0,61588d3760a3e57cb950a6eb
222,5b6780c5f6a18700019e33dc,3.2,1.5,4.0,3.25,4.25,3.0,39.0,24.0,35.0,42.0,37.0,91.0,5b6780c5f6a18700019e33dc
223,6112b2da2091a4718672908c,4.75,4.5,4.75,4.75,5.0,4.75,47.0,34.0,33.0,40.0,29.0,80.0,6112b2da2091a4718672908c
224,60e5eceb989f38c746723024,2.6,2.0,1.75,4.75,3.0,1.5,36.0,27.0,29.0,50.0,26.0,69.0,60e5eceb989f38c746723024
225,61210b5c3f465c51a7f4166a,4.2,3.75,4.5,4.5,4.0,4.25,43.0,22.0,24.0,39.0,29.0,75.0,61210b5c3f465c51a7f4166a
226,6108bae61196a3bd6fc3a24b,3.95,3.75,4.5,5.0,3.0,3.5,43.0,25.0,28.0,46.0,36.0,78.0,6108bae61196a3bd6fc3a24b
227,60ff2abb91918f642ca8cad2,4.7,4.25,4.75,5.0,5.0,4.5,44.0,29.0,26.0,40.0,25.0,69.0,60ff2abb91918f642ca8cad2
228,6110a97f1c3b409f86e7c556,4.35,3.25,4.75,4.75,4.25,4.75,44.0,33.0,30.0,48.0,18.0,65.0,6110a97f1c3b409f86e7c556
229,611ea4971bd5f93c68cc56f3,4.1,3.25,5.0,3.5,5.0,3.75,40.0,29.0,33.0,54.0,40.0,83.0,611ea4971bd5f93c68cc56f3
230,61132361275e08754e30c2db,4.1,3.75,4.0,5.0,4.75,3.0,46.0,25.0,31.0,40.0,39.0,88.0,61132361275e08754e30c2db
231,5dd9f0e719eecb97dfab7b48,2.5,1.25,3.5,2.5,3.0,2.25,39.0,22.0,29.0,41.0,39.0,89.0,5dd9f0e719eecb97dfab7b48
232,5c28113978fad50001932f58,3.55,3.5,2.75,4.25,4.0,3.25,34.0,26.0,29.0,46.0,40.0,81.0,5c28113978fad50001932f58
233,5e24fbd4e1f467771c234e5f,4.3,4.5,4.5,4.75,3.25,4.5,36.0,17.0,29.0,39.0,19.0,64.0,5e24fbd4e1f467771c234e5f
234,614e1095303040298701c095,3.3,3.0,3.25,3.0,4.0,3.25,45.0,20.0,36.0,45.0,39.0,90.0,614e1095303040298701c095
235,61513cd2115aa37180a00874,4.7,4.5,5.0,5.0,5.0,4.0,47.0,22.0,27.0,48.0,35.0,78.0,61513cd2115aa37180a00874
236,5e42f74f5b772a18434cabf7,3.9,3.25,4.0,4.25,4.5,3.5,40.0,23.0,24.0,46.0,33.0,75.0,5e42f74f5b772a18434cabf7
237,5f3ac1732efa0a74f975b1a8,3.55,3.25,3.0,5.0,3.0,3.5,36.0,24.0,32.0,43.0,34.0,83.0,5f3ac1732efa0a74f975b1a8
238,5b666901f7798c000182c01c,3.95,3.75,4.0,4.5,3.75,3.75,45.0,20.0,28.0,48.0,37.0,78.0,5b666901f7798c000182c01c
239,61046b6d3d25b3020c55998b,4.05,2.75,4.75,4.75,5.0,3.0,38.0,24.0,35.0,43.0,33.0,83.0,61046b6d3d25b3020c55998b
240,6170c67b4478c864785f0925,3.65,3.25,4.5,4.0,4.0,2.5,38.0,25.0,34.0,45.0,29.0,78.0,6170c67b4478c864785f0925
241,612547f89bad5437aaecfa66,3.55,3.25,4.25,4.25,3.0,3.0,31.0,24.0,33.0,39.0,37.0,79.0,612547f89bad5437aaecfa66
242,60bd4bfc88b646e72d772977,4.75,4.5,4.5,5.0,5.0,4.75,38.0,25.0,31.0,52.0,36.0,74.0,60bd4bfc88b646e72d772977
243,6111af7866992ef0d3b27f73,4.65,4.0,5.0,5.0,4.75,4.5,45.0,25.0,35.0,47.0,29.0,81.0,6111af7866992ef0d3b27f73
244,60121fca666552254559110d,4.05,3.5,4.75,4.5,4.5,3.0,36.0,21.0,30.0,41.0,34.0,74.0,60121fca666552254559110d
245,5e7d7840f89874402cdb9ebe,4.7,4.25,4.75,5.0,4.75,4.75,52.0,28.0,26.0,50.0,35.0,80.0,5e7d7840f89874402cdb9ebe
246,616f4e920ed4bf68c708dde3,4.25,4.0,4.75,5.0,3.0,4.5,44.0,23.0,26.0,51.0,28.0,73.0,616f4e920ed4bf68c708dde3
247,615237946418da243413ef37,4.95,5.0,4.75,5.0,5.0,5.0,52.0,15.0,28.0,45.0,23.0,62.0,615237946418da243413ef37
248,5d5f07cdca10e90016bc0103,4.5,4.25,4.5,4.75,4.75,4.25,39.0,27.0,28.0,45.0,38.0,81.0,5d5f07cdca10e90016bc0103
249,602348484d326a1c5aa80bb7,4.15,4.5,4.5,4.75,3.0,4.0,41.0,24.0,32.0,44.0,31.0,77.0,602348484d326a1c5aa80bb7
250,60f45fc7523abdfd3aad4c80,3.9,4.0,4.0,3.75,3.75,4.0,37.0,29.0,28.0,41.0,33.0,75.0,60f45fc7523abdfd3aad4c80
251,5ebc6d34046b2a0bc9f2b3b8,3.8,4.0,3.5,4.75,3.25,3.5,43.0,28.0,29.0,40.0,40.0,85.0,5ebc6d34046b2a0bc9f2b3b8
252,5b05e0d131cebe000177c38e,4.35,4.5,5.0,5.0,3.25,4.0,40.0,26.0,36.0,44.0,37.0,80.0,5b05e0d131cebe000177c38e
253,5f63d462fb4c4713b69d4bb7,4.4,4.5,5.0,5.0,4.5,3.0,44.0,24.0,29.0,48.0,40.0,79.0,5f63d462fb4c4713b69d4bb7
254,615f2b3f0eafbabe579b889a,4.35,4.5,4.5,5.0,4.0,3.75,43.0,24.0,26.0,49.0,30.0,82.0,615f2b3f0eafbabe579b889a
255,60fdf5cb2412188c37b6d133,4.65,3.25,5.0,5.0,5.0,5.0,46.0,31.0,34.0,46.0,30.0,81.0,60fdf5cb2412188c37b6d133
256,60aef480e194cd288065cf03,4.3,4.75,3.75,5.0,4.0,4.0,43.0,23.0,31.0,40.0,36.0,81.0,60aef480e194cd288065cf03
257,597fe89a1b41a20001749f57,4.05,3.75,4.0,5.0,4.0,3.5,39.0,26.0,29.0,43.0,37.0,76.0,597fe89a1b41a20001749f57
258,60d8c6bc9686529cdc824a49,4.55,4.0,5.0,5.0,5.0,3.75,36.0,29.0,29.0,49.0,36.0,78.0,60d8c6bc9686529cdc824a49
259,56e130548b1c33000a388671,4.4,4.25,4.75,5.0,4.75,3.25,42.0,21.0,28.0,52.0,41.0,84.0,56e130548b1c33000a388671
260,60fc7d423aa600bbb01b7813,4.1,4.5,5.0,5.0,2.25,3.75,38.0,16.0,31.0,42.0,39.0,84.0,60fc7d423aa600bbb01b7813
261,6101cdd40b6520acb9593423,4.4,4.25,4.75,4.5,4.0,4.5,44.0,27.0,30.0,50.0,34.0,80.0,6101cdd40b6520acb9593423
262,5d42486206811e001ada5b4b,4.8,5.0,5.0,5.0,4.0,5.0,52.0,18.0,25.0,39.0,28.0,70.0,5d42486206811e001ada5b4b
263,61219fd8387ca59d07e0dc1c,4.15,3.75,4.25,4.5,4.5,3.75,45.0,18.0,31.0,45.0,32.0,81.0,61219fd8387ca59d07e0dc1c
264,61230b14a3bcb65c585dfdaa,4.9,4.75,4.75,5.0,5.0,5.0,46.0,18.0,27.0,44.0,29.0,72.0,61230b14a3bcb65c585dfdaa
265,60e4fe072aa5db731051c240,3.9,3.5,4.25,4.25,3.5,4.0,38.0,21.0,32.0,45.0,30.0,69.0,60e4fe072aa5db731051c240
266,5bba370b6130300001e3708e,4.15,4.0,5.0,4.0,4.25,3.5,39.0,24.0,26.0,49.0,30.0,68.0,5bba370b6130300001e3708e
267,5ecd4acdb218ec085c6eefe6,4.2,4.0,3.75,4.75,4.25,4.25,46.0,19.0,24.0,40.0,30.0,77.0,5ecd4acdb218ec085c6eefe6
268,61001862463c1eca6db99298,4.2,4.5,4.25,4.25,4.0,4.0,37.0,24.0,28.0,45.0,33.0,72.0,61001862463c1eca6db99298
269,5c2b4b959f18a9000179a141,3.8,3.75,3.75,4.5,3.25,3.75,36.0,24.0,27.0,38.0,31.0,67.0,5c2b4b959f18a9000179a141
270,561c4dc1811d220005f31d9b,3.05,2.5,4.0,3.75,2.5,2.5,34.0,26.0,27.0,40.0,29.0,72.0,561c4dc1811d220005f31d9b
271,559b1e92fdf99b426abb6227,3.55,3.5,3.5,4.5,2.5,3.75,43.0,26.0,25.0,47.0,32.0,72.0,559b1e92fdf99b426abb6227
272,60ac66a8e1bf5a1c51fa864c,4.0,3.75,3.5,4.75,4.25,3.75,45.0,20.0,24.0,45.0,31.0,73.0,60ac66a8e1bf5a1c51fa864c
273,57dda8dc5e1b5f0001d2d5b1,3.7,3.5,3.75,4.0,3.75,3.5,40.0,21.0,27.0,45.0,35.0,76.0,57dda8dc5e1b5f0001d2d5b1
274,5ce5a93d9838bb000113fc82,3.65,3.25,4.75,4.5,2.75,3.0,50.0,32.0,32.0,41.0,30.0,81.0,5ce5a93d9838bb000113fc82
275,6074b929f753216d88c77e88,2.85,1.75,3.5,3.0,2.25,3.75,39.0,22.0,34.0,49.0,38.0,88.0,6074b929f753216d88c77e88
276,5dfdc45e617219a8e2e05c26,3.35,2.5,4.5,4.25,2.0,3.5,32.0,25.0,29.0,55.0,37.0,76.0,5dfdc45e617219a8e2e05c26
277,5c70852d7826350001565ce4,3.8,3.25,4.5,4.0,3.5,3.75,39.0,24.0,28.0,42.0,34.0,78.0,5c70852d7826350001565ce4
278,610c013af35689ae897c7fde,3.5,3.0,4.25,3.5,3.75,3.0,33.0,20.0,33.0,45.0,28.0,76.0,610c013af35689ae897c7fde
279,5a1efc2b517dfb00013dd370,3.65,3.0,3.75,4.25,3.75,3.5,35.0,28.0,30.0,50.0,30.0,68.0,5a1efc2b517dfb00013dd370
280,614df1b29f4cc7841f8f4528,4.05,3.0,4.5,4.75,4.25,3.75,33.0,24.0,30.0,42.0,33.0,70.0,614df1b29f4cc7841f8f4528
281,5c82c9a4d8302a00010639b8,3.9,3.0,4.0,4.5,4.0,4.0,36.0,21.0,22.0,52.0,32.0,72.0,5c82c9a4d8302a00010639b8
282,615880a66bc32302998866d9,3.7,3.25,3.5,4.0,3.75,4.0,35.0,22.0,33.0,43.0,33.0,78.0,615880a66bc32302998866d9
283,5f5797c54d47e72494ff5840,4.8,4.0,5.0,5.0,5.0,5.0,45.0,18.0,25.0,45.0,25.0,72.0,5f5797c54d47e72494ff5840
284,61588f27299f923d579de650,4.0,3.75,4.25,4.25,4.0,3.75,40.0,20.0,35.0,47.0,37.0,83.0,61588f27299f923d579de650
285,5ea720a669cae10d910fba3e,4.4,4.0,4.5,4.5,4.5,4.5,36.0,33.0,30.0,47.0,30.0,74.0,5ea720a669cae10d910fba3e
286,5dc59aea37023940a0860dea,3.6,3.0,3.75,4.0,3.0,4.25,38.0,19.0,28.0,44.0,34.0,75.0,5dc59aea37023940a0860dea
287,610033ea16ac001d0746cd50,2.85,1.5,2.75,3.0,3.5,3.5,35.0,28.0,38.0,47.0,38.0,90.0,610033ea16ac001d0746cd50
288,5ec4a156bc5aac3819ac52f2,2.9,3.0,3.25,4.0,2.5,1.75,34.0,17.0,27.0,45.0,36.0,79.0,5ec4a156bc5aac3819ac52f2
289,6168a697ae9f4d8dcfada29b,4.0,3.0,4.75,4.5,4.25,3.5,40.0,24.0,25.0,48.0,36.0,74.0,6168a697ae9f4d8dcfada29b
290,5d4ac837d2844e0001ecf699,4.2,3.5,5.0,5.0,4.25,3.25,37.0,26.0,29.0,49.0,34.0,78.0,5d4ac837d2844e0001ecf699
291,5f49f3262a3d07563d14a7f1,4.55,4.25,5.0,5.0,4.5,4.0,44.0,27.0,28.0,45.0,28.0,68.0,5f49f3262a3d07563d14a7f1
292,60b81f5f9e32d170d3ab805e,4.7,4.5,4.5,5.0,5.0,4.5,39.0,23.0,26.0,44.0,33.0,78.0,60b81f5f9e32d170d3ab805e
293,604a10844bde8be09a850300,3.0,2.25,3.25,3.25,3.0,3.25,41.0,23.0,32.0,47.0,37.0,83.0,604a10844bde8be09a850300
294,5ffe235ea848b74a3b3ccd07,3.05,3.25,3.25,4.0,1.75,3.0,41.0,23.0,28.0,47.0,38.0,82.0,5ffe235ea848b74a3b3ccd07
295,5e4e844553bc702cdf68404d,3.5,3.75,3.5,4.0,3.25,3.0,31.0,27.0,28.0,42.0,30.0,71.0,5e4e844553bc702cdf68404d
296,60079f45348bb62bdcd363ff,3.85,3.0,4.5,4.25,3.5,4.0,42.0,21.0,32.0,41.0,36.0,76.0,60079f45348bb62bdcd363ff
297,5d4a41890e604c00011ade8b,3.2,1.75,3.75,3.25,4.0,3.25,39.0,26.0,27.0,47.0,32.0,75.0,5d4a41890e604c00011ade8b
298,5fca97a4b105427256733533,3.4,3.0,3.0,4.5,4.0,2.5,31.0,20.0,29.0,43.0,28.0,75.0,5fca97a4b105427256733533
299,5dc0ac2c441a2105cbb3bb0f,3.9,3.75,4.0,4.0,4.0,3.75,42.0,23.0,25.0,45.0,32.0,71.0,5dc0ac2c441a2105cbb3bb0f
300,5b5a822e1ad8270001c4f28d,4.25,3.5,4.5,5.0,4.5,3.75,46.0,14.0,32.0,52.0,41.0,91.0,5b5a822e1ad8270001c4f28d
301,5eb741a8076e47674071aa17,3.8,4.0,3.25,5.0,3.75,3.0,34.0,31.0,35.0,43.0,33.0,84.0,5eb741a8076e47674071aa17
302,568d286ab5a2c2000cb6a91c,3.15,1.75,4.25,2.75,3.75,3.25,36.0,26.0,37.0,46.0,38.0,92.0,568d286ab5a2c2000cb6a91c
303,615001d094ff3a75f45b36b0,3.75,3.75,4.0,4.0,3.0,4.0,40.0,30.0,29.0,39.0,30.0,83.0,615001d094ff3a75f45b36b0
304,61697550d3595ef0cc0c1b6e,3.85,3.25,4.0,4.0,4.0,4.0,37.0,21.0,25.0,41.0,31.0,70.0,61697550d3595ef0cc0c1b6e
305,605d0687aa6cd6cdf1a634ee,4.3,3.5,3.75,5.0,5.0,4.25,28.0,25.0,30.0,39.0,33.0,75.0,605d0687aa6cd6cdf1a634ee
306,60ff038ecffc509aaa6d13c2,4.25,4.0,4.5,4.0,4.25,4.5,44.0,28.0,31.0,44.0,27.0,80.0,60ff038ecffc509aaa6d13c2
307,6138dbb33737021870d3c636,3.8,4.0,4.5,4.75,3.0,2.75,49.0,30.0,22.0,50.0,36.0,77.0,6138dbb33737021870d3c636
308,60a40bd48fd5b3f64c19c91a,4.4,4.5,4.75,4.75,4.25,3.75,40.0,19.0,29.0,41.0,40.0,81.0,60a40bd48fd5b3f64c19c91a
309,5fff3a91a72ac8000924258f,3.55,2.25,4.0,4.0,3.25,4.25,35.0,24.0,25.0,46.0,34.0,68.0,5fff3a91a72ac8000924258f
310,5e8ce1a772724409e8ec0404,4.3,4.25,4.0,5.0,4.25,4.0,40.0,21.0,26.0,43.0,31.0,75.0,5e8ce1a772724409e8ec0404
311,5f999825a34e730101a8fdf7,4.35,3.5,5.0,5.0,4.25,4.0,39.0,20.0,30.0,49.0,40.0,87.0,5f999825a34e730101a8fdf7
312,6045e5cdb5547f7347302e2b,3.35,3.5,3.25,4.0,2.5,3.5,32.0,24.0,27.0,43.0,33.0,75.0,6045e5cdb5547f7347302e2b
313,5f94a8e7fa8c422fc88940b0,3.65,4.0,4.25,4.5,2.25,3.25,36.0,20.0,26.0,45.0,38.0,78.0,5f94a8e7fa8c422fc88940b0
314,60fd78cb439f85c6a297f44e,4.65,4.25,4.5,5.0,5.0,4.5,38.0,21.0,35.0,47.0,35.0,82.0,60fd78cb439f85c6a297f44e
315,614e028cce0c68ed60059ab1,3.8,3.5,4.0,4.0,4.0,3.5,37.0,20.0,29.0,38.0,36.0,78.0,614e028cce0c68ed60059ab1
316,61087e4fc006ee7d6be38641,4.0,3.75,5.0,3.75,3.25,4.25,37.0,24.0,27.0,50.0,36.0,69.0,61087e4fc006ee7d6be38641
317,5fc1eec7b53fe8238532add3,3.6,3.0,4.75,3.75,3.25,3.25,37.0,25.0,31.0,55.0,42.0,88.0,5fc1eec7b53fe8238532add3
318,61326399c4cb4f48f72f9847,3.7,3.25,3.75,4.25,3.25,4.0,36.0,16.0,28.0,44.0,35.0,76.0,61326399c4cb4f48f72f9847
319,60fef0626d87d03fb002641e,4.5,4.25,4.75,4.5,4.25,4.75,43.0,20.0,35.0,42.0,37.0,82.0,60fef0626d87d03fb002641e
320,5f1b2a0146ce431186055813,3.45,3.0,4.0,4.0,3.0,3.25,35.0,19.0,30.0,42.0,35.0,84.0,5f1b2a0146ce431186055813
321,5e3760815bfa436fd256b2e9,4.05,4.0,4.5,4.25,3.75,3.75,34.0,22.0,36.0,44.0,37.0,78.0,5e3760815bfa436fd256b2e9
322,5e8bee7822e9250df7207dca,4.65,4.75,5.0,5.0,4.0,4.5,39.0,18.0,35.0,46.0,39.0,78.0,5e8bee7822e9250df7207dca
323,5f16f559325a640008bb9a07,4.15,4.75,4.5,5.0,2.25,4.25,43.0,19.0,23.0,52.0,37.0,74.0,5f16f559325a640008bb9a07
324,607f40d20471eec0b3f77678,4.0,3.5,4.25,5.0,4.25,3.0,39.0,26.0,30.0,51.0,32.0,77.0,607f40d20471eec0b3f77678
325,5e9f70a9eec34b1108c84413,4.15,4.25,4.0,4.75,3.75,4.0,43.0,18.0,27.0,48.0,33.0,73.0,5e9f70a9eec34b1108c84413
326,60be3a1699ecb058103a2292,4.65,4.25,4.25,5.0,5.0,4.75,41.0,19.0,20.0,51.0,33.0,65.0,60be3a1699ecb058103a2292
327,6060cc2bf9ba38d90b1a6f12,3.25,4.0,3.0,5.0,2.0,2.25,39.0,24.0,29.0,52.0,40.0,89.0,6060cc2bf9ba38d90b1a6f12
328,565c931eba63db00051cd52d,3.4,2.75,3.5,4.0,4.0,2.75,38.0,20.0,24.0,47.0,32.0,74.0,565c931eba63db00051cd52d
329,614fa2d8176b0317b451cd0f,2.25,1.5,3.0,3.0,1.5,2.25,33.0,30.0,30.0,39.0,37.0,82.0,614fa2d8176b0317b451cd0f
330,6058bee6f83bac3e977d4c0b,4.2,4.0,4.75,3.0,4.5,4.75,44.0,23.0,24.0,43.0,32.0,78.0,6058bee6f83bac3e977d4c0b
331,58d069219dbe3f0001258793,3.95,3.75,3.5,4.0,4.5,4.0,42.0,20.0,24.0,44.0,30.0,77.0,58d069219dbe3f0001258793
332,5e42fc295135b5000cd20d0b,3.75,3.0,4.0,4.0,4.0,3.75,39.0,26.0,33.0,42.0,34.0,85.0,5e42fc295135b5000cd20d0b
333,60ad566e5703a186a1c9f76c,4.45,4.5,4.5,5.0,4.0,4.25,42.0,25.0,26.0,41.0,27.0,69.0,60ad566e5703a186a1c9f76c
334,6101c2aaf8555a745cfb472b,4.7,3.5,5.0,5.0,5.0,5.0,49.0,30.0,37.0,47.0,31.0,96.0,6101c2aaf8555a745cfb472b
335,5d8c46cc53b833001a4bf916,4.45,4.75,4.25,4.75,4.5,4.0,52.0,17.0,25.0,36.0,28.0,71.0,5d8c46cc53b833001a4bf916
336,6025b3681ff1521a3369dffe,4.55,5.0,4.75,5.0,4.0,4.0,37.0,15.0,30.0,42.0,38.0,75.0,6025b3681ff1521a3369dffe
337,5fc3d41149c0c8728f07b95b,3.95,4.75,4.5,4.0,2.5,4.0,43.0,25.0,25.0,48.0,26.0,67.0,5fc3d41149c0c8728f07b95b
338,5f7e6f9c1212c514f9437e3a,3.9,3.75,2.5,5.0,5.0,3.25,44.0,35.0,26.0,46.0,32.0,81.0,5f7e6f9c1212c514f9437e3a
339,5f3ebd568c429614c0f595e8,3.85,4.0,4.0,4.0,3.5,3.75,41.0,16.0,26.0,36.0,37.0,80.0,5f3ebd568c429614c0f595e8
340,569cffa09e8363000c3087cd,4.55,4.75,4.5,5.0,4.75,3.75,47.0,18.0,30.0,56.0,37.0,89.0,569cffa09e8363000c3087cd
341,6113ffbf45e79bc2769db74c,3.6,3.25,3.5,4.5,3.5,3.25,36.0,25.0,34.0,38.0,36.0,81.0,6113ffbf45e79bc2769db74c
342,5c720c7278263500015665f9,4.4,4.25,4.5,5.0,3.5,4.75,40.0,16.0,28.0,41.0,35.0,85.0,5c720c7278263500015665f9
343,607db957e9d570c7c2657b8d,1.3,1.0,1.5,1.0,1.75,1.25,29.0,24.0,30.0,25.0,34.0,83.0,607db957e9d570c7c2657b8d
344,5bae077b542eed0001384369,4.25,3.75,4.0,4.5,4.75,4.25,41.0,23.0,29.0,50.0,36.0,80.0,5bae077b542eed0001384369
345,5d83c1e911cb3a0001570ea4,4.25,3.5,5.0,4.5,4.5,3.75,47.0,20.0,35.0,46.0,35.0,86.0,5d83c1e911cb3a0001570ea4
346,5ac8f79068b65b00018d7ef9,4.3,4.0,4.5,4.75,4.0,4.25,39.0,24.0,23.0,41.0,26.0,71.0,5ac8f79068b65b00018d7ef9
347,5a135875074b1900012527a9,4.75,4.5,4.5,4.75,5.0,5.0,45.0,24.0,31.0,50.0,23.0,72.0,5a135875074b1900012527a9
348,56cc78e3ccc0e20006b82a7d,4.55,4.5,5.0,4.75,3.5,5.0,48.0,17.0,27.0,49.0,26.0,73.0,56cc78e3ccc0e20006b82a7d
349,614df320ea8a021fd05d22da,4.35,3.5,5.0,5.0,4.5,3.75,40.0,18.0,28.0,49.0,29.0,68.0,614df320ea8a021fd05d22da
350,5d6141608a11df001a477fbe,4.35,4.25,4.5,4.75,3.75,4.5,50.0,19.0,26.0,42.0,26.0,77.0,5d6141608a11df001a477fbe
351,5f8cbc5c355ea745e6cef2ca,4.55,4.0,5.0,5.0,4.25,4.5,43.0,26.0,28.0,50.0,29.0,74.0,5f8cbc5c355ea745e6cef2ca
352,5e8970d2bde837609541a1eb,3.8,4.25,4.0,4.0,3.5,3.25,38.0,22.0,25.0,42.0,32.0,73.0,5e8970d2bde837609541a1eb
353,60a55d4bb6bd9be6c95b89eb,4.9,4.5,5.0,5.0,5.0,5.0,45.0,23.0,37.0,54.0,38.0,83.0,60a55d4bb6bd9be6c95b89eb
354,5d69678bf4d251001c0f81f3,4.25,4.25,3.75,5.0,4.5,3.75,46.0,16.0,29.0,47.0,33.0,77.0,5d69678bf4d251001c0f81f3
355,6108755566ea91cc4bf94c0a,3.75,3.5,3.75,4.0,4.25,3.25,39.0,25.0,29.0,40.0,33.0,72.0,6108755566ea91cc4bf94c0a
356,60fb383e30537b88f361934e,3.95,3.75,4.25,4.75,3.25,3.75,42.0,20.0,24.0,46.0,38.0,77.0,60fb383e30537b88f361934e
357,60fec32b9993bc5346d66ce9,4.9,5.0,5.0,5.0,5.0,4.5,44.0,29.0,32.0,41.0,27.0,76.0,60fec32b9993bc5346d66ce9
358,561bbdf9811d22000df3138a,4.0,3.5,4.25,4.25,4.0,4.0,38.0,24.0,31.0,46.0,41.0,87.0,561bbdf9811d22000df3138a
359,5f6e2f793c9b1032dbe72def,4.45,4.25,4.5,4.75,4.25,4.5,45.0,23.0,24.0,49.0,27.0,80.0,5f6e2f793c9b1032dbe72def
360,600e661d49a93a6ec48ebb45,3.05,2.5,3.75,3.0,3.5,2.5,33.0,31.0,27.0,41.0,36.0,74.0,600e661d49a93a6ec48ebb45
361,6053a8d54ee4c8d353177990,3.55,2.75,4.0,4.25,3.5,3.25,39.0,26.0,24.0,42.0,41.0,86.0,6053a8d54ee4c8d353177990
362,5f23ff398626c51fdd6c3fb5,3.85,3.75,4.0,4.25,3.75,3.5,40.0,22.0,30.0,42.0,30.0,75.0,5f23ff398626c51fdd6c3fb5
363,60f0ff19f34b192357d7d5d8,4.75,4.5,5.0,5.0,4.25,5.0,46.0,25.0,32.0,48.0,32.0,77.0,60f0ff19f34b192357d7d5d8
364,614996ea0d6f318ed4ff81e9,4.0,3.5,4.25,4.75,3.75,3.75,41.0,20.0,30.0,46.0,33.0,84.0,614996ea0d6f318ed4ff81e9
365,60fdaf0e27b6ed924e1a28d0,3.95,3.75,4.0,4.0,4.25,3.75,28.0,21.0,30.0,31.0,31.0,71.0,60fdaf0e27b6ed924e1a28d0
366,60fd8b1c25fe10912980d749,3.45,2.5,4.25,4.0,3.75,2.75,31.0,20.0,32.0,43.0,29.0,76.0,60fd8b1c25fe10912980d749
367,5bb0c112a1c73d0001b9ce9e,3.6,4.25,4.5,4.25,1.75,3.25,53.0,25.0,38.0,43.0,41.0,99.0,5bb0c112a1c73d0001b9ce9e
368,60fd8c62b51f28ff3a3e38c8,3.6,3.5,2.75,4.0,4.25,3.5,47.0,22.0,26.0,42.0,33.0,80.0,60fd8c62b51f28ff3a3e38c8
369,61688317772399d5e4bdcd13,3.95,3.5,4.0,3.75,5.0,3.5,30.0,16.0,35.0,45.0,32.0,77.0,61688317772399d5e4bdcd13
370,5aeeb4903c80f200013af2ed,4.1,3.5,4.5,4.75,3.25,4.5,42.0,25.0,30.0,41.0,33.0,72.0,5aeeb4903c80f200013af2ed
371,6153cc9cd8ac0521250d0009,3.9,3.75,4.25,4.25,3.5,3.75,44.0,24.0,31.0,57.0,31.0,72.0,6153cc9cd8ac0521250d0009
372,5ea3694d838a642e5790ec0a,4.25,3.5,5.0,4.5,3.75,4.5,44.0,29.0,30.0,52.0,39.0,83.0,5ea3694d838a642e5790ec0a
373,60fd39703a387e7cfb6893b7,3.8,3.25,4.25,4.0,4.0,3.5,47.0,25.0,31.0,44.0,31.0,79.0,60fd39703a387e7cfb6893b7
374,6122548871de12f3a454e5cb,4.15,3.75,4.0,4.75,4.25,4.0,42.0,24.0,31.0,50.0,29.0,75.0,6122548871de12f3a454e5cb
375,5c9c3ae2d40ce20014233de6,4.6,4.25,4.75,5.0,4.5,4.5,45.0,23.0,34.0,49.0,32.0,79.0,5c9c3ae2d40ce20014233de6
376,60fe200b96dc1dcede7a3151,3.65,3.25,3.5,4.0,4.5,3.0,37.0,26.0,29.0,45.0,31.0,78.0,60fe200b96dc1dcede7a3151
377,5dd86784dcec8782b85cb5bb,3.85,3.75,4.0,4.0,3.5,4.0,41.0,22.0,28.0,40.0,32.0,75.0,5dd86784dcec8782b85cb5bb
378,5fefefa4c9707d3516361c9c,3.7,4.0,3.5,4.0,4.0,3.0,35.0,18.0,29.0,45.0,29.0,71.0,5fefefa4c9707d3516361c9c
379,616eee064fa84629904802ab,4.75,4.5,5.0,4.75,5.0,4.5,44.0,21.0,23.0,44.0,33.0,80.0,616eee064fa84629904802ab
380,5bdfb648484288000130dad0,4.9,4.75,5.0,5.0,5.0,4.75,49.0,22.0,27.0,52.0,28.0,75.0,5bdfb648484288000130dad0
381,6112dd8e4f8c8dd1b427088e,3.8,4.0,4.0,4.0,3.75,3.25,41.0,21.0,31.0,46.0,32.0,82.0,6112dd8e4f8c8dd1b427088e
382,6119bdc932d9ebe82ea581e1,3.95,3.5,4.5,4.5,3.5,3.75,39.0,21.0,32.0,45.0,36.0,78.0,6119bdc932d9ebe82ea581e1
383,5909be22299e1e0001582354,2.4,2.75,2.5,4.25,1.0,1.5,44.0,24.0,27.0,41.0,32.0,78.0,5909be22299e1e0001582354
384,616f4c9a8b227a8e2c8506a8,4.4,4.5,4.75,4.75,4.0,4.0,44.0,22.0,28.0,47.0,33.0,80.0,616f4c9a8b227a8e2c8506a8
385,5fc7fb7982f3c510bb6e6b62,2.45,2.25,2.5,2.25,3.25,2.0,26.0,21.0,32.0,38.0,35.0,81.0,5fc7fb7982f3c510bb6e6b62
386,5685850c333cbd000d4e042f,2.95,2.25,3.5,3.5,3.5,2.0,48.0,23.0,32.0,47.0,38.0,87.0,5685850c333cbd000d4e042f
387,60fefd6de6b470fd133b7d5d,3.8,3.0,4.25,4.0,4.25,3.5,41.0,28.0,28.0,41.0,33.0,81.0,60fefd6de6b470fd133b7d5d
388,602454a47d0d7d121a1e444b,4.8,4.5,5.0,4.75,5.0,4.75,42.0,22.0,29.0,48.0,34.0,70.0,602454a47d0d7d121a1e444b
389,615416a123f5d131c4185f85,4.1,4.0,4.25,4.25,5.0,3.0,52.0,25.0,39.0,51.0,41.0,92.0,615416a123f5d131c4185f85
390,5d6466d84e9aae0001598a5a,3.5,3.5,3.25,4.0,4.25,2.5,40.0,22.0,29.0,42.0,34.0,74.0,5d6466d84e9aae0001598a5a
391,5f139e2aafd70a3b49e7ca23,3.65,3.75,3.75,4.5,2.75,3.5,41.0,18.0,25.0,41.0,31.0,79.0,5f139e2aafd70a3b49e7ca23
392,614e6253b03d75733662df38,4.0,4.0,4.0,4.0,4.25,3.75,38.0,22.0,29.0,44.0,31.0,72.0,614e6253b03d75733662df38
393,60131babd3a5ad18ed8b15a3,3.7,3.25,3.75,4.0,3.75,3.75,36.0,23.0,30.0,42.0,31.0,73.0,60131babd3a5ad18ed8b15a3
394,61569ee5ec13f9d23135674e,4.2,4.0,4.75,4.5,4.0,3.75,40.0,23.0,28.0,41.0,29.0,71.0,61569ee5ec13f9d23135674e
395,5d6807f9778de5001a120d9a,4.35,4.0,4.0,5.0,4.25,4.5,39.0,23.0,31.0,48.0,34.0,78.0,5d6807f9778de5001a120d9a
396,5ef90b249bafa50a311593ae,3.0,3.0,4.0,3.75,2.0,2.25,35.0,28.0,33.0,44.0,39.0,82.0,5ef90b249bafa50a311593ae
397,55b67c31fdf99b26b999cc1e,3.55,2.5,3.5,4.5,3.5,3.75,33.0,32.0,30.0,47.0,33.0,78.0,55b67c31fdf99b26b999cc1e
398,61644b17ec9f97f7485d5624,4.3,4.25,4.0,4.75,4.25,4.25,43.0,19.0,24.0,42.0,28.0,76.0,61644b17ec9f97f7485d5624
399,56e6a66af6ed900006a5867c,3.7,4.0,3.25,5.0,3.0,3.25,44.0,20.0,30.0,48.0,35.0,78.0,56e6a66af6ed900006a5867c
400,60e8b06bfb1c78d450ae9f79,4.8,4.5,4.75,5.0,5.0,4.75,40.0,24.0,26.0,41.0,31.0,77.0,60e8b06bfb1c78d450ae9f79
401,59ff81fd5d06850001afeeab,3.65,3.5,3.75,4.0,3.75,3.25,40.0,28.0,25.0,49.0,32.0,73.0,59ff81fd5d06850001afeeab
402,5f97354dccf5e90cefd27efb,2.5,1.75,4.0,2.0,2.75,2.0,39.0,21.0,25.0,37.0,33.0,77.0,5f97354dccf5e90cefd27efb
403,614ca7f8fc7cba1b74101bfe,3.55,4.0,3.5,4.5,2.25,3.5,40.0,27.0,26.0,52.0,34.0,75.0,614ca7f8fc7cba1b74101bfe
404,60fca6fcaae0897c708e0390,4.75,4.75,4.75,5.0,5.0,4.25,48.0,27.0,27.0,55.0,43.0,89.0,60fca6fcaae0897c708e0390
405,5d5a2bd93296320016eee507,3.65,3.5,4.0,3.75,3.0,4.0,39.0,22.0,30.0,43.0,26.0,75.0,5d5a2bd93296320016eee507
406,6144834d136ed7f27d2dbe60,4.6,4.25,5.0,5.0,4.75,4.0,47.0,24.0,30.0,43.0,30.0,76.0,6144834d136ed7f27d2dbe60
407,612855e8ed6080b01a10ed54,3.7,3.0,5.0,4.75,3.0,2.75,26.0,22.0,36.0,54.0,31.0,79.0,612855e8ed6080b01a10ed54
408,56fa002e8425ef000b3a4276,4.15,3.75,4.0,4.75,4.75,3.5,50.0,12.0,27.0,47.0,37.0,85.0,56fa002e8425ef000b3a4276
409,5a0d9553fe645f0001e9f852,3.5,4.0,3.5,4.25,2.75,3.0,38.0,16.0,30.0,47.0,33.0,81.0,5a0d9553fe645f0001e9f852
410,5f0e9896f5e4e11e12c8f5ac,4.0,4.25,3.5,4.75,4.0,3.5,43.0,24.0,28.0,45.0,34.0,77.0,5f0e9896f5e4e11e12c8f5ac
411,5f50468c0868af1baaec306c,3.8,3.25,3.5,3.75,4.5,4.0,42.0,27.0,31.0,50.0,30.0,74.0,5f50468c0868af1baaec306c
412,6038172de198ad1a32969b1a,3.95,3.75,4.25,4.0,4.0,3.75,40.0,22.0,25.0,45.0,34.0,73.0,6038172de198ad1a32969b1a
413,6159d0a8742eae51c452003b,4.05,2.5,5.0,4.0,4.75,4.0,32.0,22.0,31.0,47.0,37.0,82.0,6159d0a8742eae51c452003b
414,60e70621e54d41df0e70bfcd,4.75,4.25,5.0,5.0,5.0,4.5,47.0,23.0,27.0,51.0,30.0,77.0,60e70621e54d41df0e70bfcd
415,5b915c9d22d85d000115c0f5,4.1,3.0,4.75,4.0,5.0,3.75,36.0,21.0,31.0,45.0,34.0,77.0,5b915c9d22d85d000115c0f5
416,6038743a95e000257b4fefdd,2.95,3.25,3.0,4.5,1.25,2.75,32.0,27.0,28.0,34.0,44.0,75.0,6038743a95e000257b4fefdd
417,5dcca657854936945d68eaa9,3.35,2.0,3.75,4.0,3.5,3.5,33.0,26.0,33.0,44.0,37.0,86.0,5dcca657854936945d68eaa9
418,5fabf9bfaa84e00ccd8961a2,4.2,2.75,5.0,4.75,4.5,4.0,37.0,22.0,30.0,45.0,33.0,81.0,5fabf9bfaa84e00ccd8961a2
419,610a40ffbf11d261514a7c0a,3.7,4.5,2.75,5.0,2.5,3.75,44.0,20.0,29.0,26.0,36.0,73.0,610a40ffbf11d261514a7c0a
420,6111940f46b7b06c55140993,4.5,3.5,4.75,5.0,4.5,4.75,45.0,30.0,27.0,58.0,38.0,78.0,6111940f46b7b06c55140993
421,6112bf5bd0c80ee5f2d67bbe,2.65,1.5,3.25,2.25,2.75,3.5,39.0,26.0,37.0,47.0,35.0,85.0,6112bf5bd0c80ee5f2d67bbe
422,60b6e7dd6757d41e765d2ff7,3.8,3.75,3.25,3.75,3.75,4.5,45.0,29.0,22.0,38.0,34.0,71.0,60b6e7dd6757d41e765d2ff7
423,5de7ccc24b7cf973d7b05bfb,3.85,3.75,4.0,4.0,3.75,3.75,41.0,20.0,28.0,44.0,28.0,75.0,5de7ccc24b7cf973d7b05bfb
424,60c79a037e4b69acdc379e6a,3.8,3.25,4.0,4.0,4.0,3.75,38.0,29.0,32.0,46.0,29.0,72.0,60c79a037e4b69acdc379e6a
425,60fdb8ba0e02b89699784a04,4.55,4.25,4.75,4.5,5.0,4.25,42.0,17.0,31.0,46.0,32.0,73.0,60fdb8ba0e02b89699784a04
426,6108b1c9b44344398fc9664a,4.35,2.75,4.75,4.75,5.0,4.5,41.0,25.0,33.0,42.0,29.0,84.0,6108b1c9b44344398fc9664a
427,5ffb8c5b60571908f3ac19fa,4.55,5.0,4.75,4.5,4.5,4.0,41.0,11.0,29.0,45.0,31.0,76.0,5ffb8c5b60571908f3ac19fa
428,600c63a5dfb7171357a02440,3.1,3.5,3.0,4.0,2.75,2.25,32.0,27.0,27.0,47.0,31.0,68.0,600c63a5dfb7171357a02440
429,60fd85c4c161e02f562b543a,4.65,4.25,4.75,5.0,5.0,4.25,38.0,21.0,25.0,41.0,32.0,65.0,60fd85c4c161e02f562b543a
430,616730c2fcccd11c127d9940,4.1,3.5,4.75,4.25,4.25,3.75,42.0,25.0,31.0,43.0,35.0,80.0,616730c2fcccd11c127d9940
431,6102c8ad26a015adcd8aaac4,4.95,4.75,5.0,5.0,5.0,5.0,47.0,22.0,31.0,49.0,30.0,77.0,6102c8ad26a015adcd8aaac4
432,5c4542973be7b70001fd8dbb,3.05,2.0,3.25,3.25,4.0,2.75,36.0,19.0,33.0,40.0,28.0,79.0,5c4542973be7b70001fd8dbb
433,614e951047173bf040153e8e,3.1,2.75,3.5,3.25,2.75,3.25,38.0,22.0,31.0,44.0,34.0,81.0,614e951047173bf040153e8e
434,5d82d28977546f00166ae702,3.3,2.5,2.75,3.75,4.0,3.5,38.0,27.0,34.0,51.0,30.0,81.0,5d82d28977546f00166ae702
435,60fd7bb105bdb95adeb3306d,4.1,3.75,4.5,4.25,4.25,3.75,35.0,21.0,32.0,39.0,31.0,76.0,60fd7bb105bdb95adeb3306d
436,60ce4fceb13609a2c039248e,3.95,3.5,5.0,4.75,4.0,2.5,44.0,26.0,29.0,47.0,36.0,82.0,60ce4fceb13609a2c039248e
437,6101f6f45269e30a22fc4526,3.6,3.5,4.0,4.0,3.0,3.5,30.0,24.0,30.0,39.0,33.0,74.0,6101f6f45269e30a22fc4526
438,5f4d68285a01eea23f58ac1d,3.55,3.25,3.75,5.0,2.5,3.25,39.0,26.0,31.0,45.0,31.0,75.0,5f4d68285a01eea23f58ac1d
439,5fda1e659df7fa12561ec08a,4.8,4.0,5.0,5.0,5.0,5.0,43.0,31.0,30.0,42.0,23.0,81.0,5fda1e659df7fa12561ec08a
440,61071ee0d98a6df6efb59716,3.6,2.5,4.0,4.0,4.5,3.0,40.0,21.0,32.0,43.0,31.0,77.0,61071ee0d98a6df6efb59716
441,602c489cc32cfe5069d7c238,3.3,3.75,3.5,4.0,2.0,3.25,34.0,26.0,28.0,42.0,34.0,75.0,602c489cc32cfe5069d7c238
442,5c2805401d4eb70001177bfc,3.8,3.0,5.0,4.25,4.25,2.5,35.0,27.0,26.0,47.0,35.0,75.0,5c2805401d4eb70001177bfc
443,610c00106560bc4f90ab6863,4.6,3.75,4.75,5.0,4.75,4.75,42.0,29.0,33.0,46.0,38.0,80.0,610c00106560bc4f90ab6863
444,60fc8c2baa5ab4e34a45f7c4,2.9,2.75,4.0,2.5,2.75,2.5,40.0,24.0,31.0,48.0,32.0,80.0,60fc8c2baa5ab4e34a45f7c4
445,5c01d3c509e9c70001500b10,2.35,2.0,2.0,2.25,3.25,2.25,30.0,27.0,30.0,46.0,37.0,81.0,5c01d3c509e9c70001500b10
446,5d67476c0ca617001699fe7a,4.8,4.75,5.0,5.0,4.75,4.5,43.0,24.0,31.0,49.0,34.0,79.0,5d67476c0ca617001699fe7a
447,5d2eac390aca250001e9c3e1,4.8,5.0,4.5,4.5,5.0,5.0,50.0,19.0,24.0,43.0,26.0,68.0,5d2eac390aca250001e9c3e1
448,5cb568ebf0e31e0017d9bf32,4.25,3.75,5.0,4.5,4.5,3.5,33.0,23.0,39.0,46.0,32.0,82.0,5cb568ebf0e31e0017d9bf32
449,61008085f6f279b358ee6de8,4.75,4.0,5.0,5.0,5.0,4.75,47.0,23.0,30.0,44.0,24.0,73.0,61008085f6f279b358ee6de8
450,5d96eeed1998fb00177f6b71,3.2,2.75,3.5,4.0,2.25,3.5,30.0,22.0,33.0,39.0,33.0,75.0,5d96eeed1998fb00177f6b71
451,60e5a074e98d1be9227cc106,4.25,3.75,4.0,4.75,4.25,4.5,45.0,23.0,35.0,50.0,31.0,82.0,60e5a074e98d1be9227cc106
452,611317672f863e406badad3b,3.65,3.5,4.75,4.5,2.5,3.0,41.0,30.0,32.0,51.0,29.0,81.0,611317672f863e406badad3b
453,60feed0aea95a63cd3aade71,3.65,2.5,4.5,3.75,4.0,3.5,40.0,23.0,33.0,51.0,35.0,79.0,60feed0aea95a63cd3aade71
454,60a9dbc33da339d2ea75e3f6,4.3,4.25,5.0,4.5,3.25,4.5,50.0,28.0,25.0,54.0,30.0,71.0,60a9dbc33da339d2ea75e3f6
455,558a327cfdf99b2d75651681,4.6,5.0,4.25,5.0,4.25,4.5,44.0,15.0,28.0,42.0,34.0,80.0,558a327cfdf99b2d75651681
456,60dc4e2299f89a7ca94b2c91,3.85,4.0,4.0,4.0,3.25,4.0,37.0,25.0,22.0,37.0,31.0,68.0,60dc4e2299f89a7ca94b2c91
457,5f1201f1c1ac1410a8f39a21,3.8,3.5,3.75,4.0,4.25,3.5,34.0,23.0,27.0,38.0,31.0,71.0,5f1201f1c1ac1410a8f39a21
458,572036a1fd3a5200093c126b,1.7,1.5,1.25,2.0,1.5,2.25,27.0,23.0,28.0,32.0,35.0,81.0,572036a1fd3a5200093c126b
459,61099879ad45eb8f3c0db110,3.7,3.0,3.5,4.0,4.0,4.0,34.0,23.0,32.0,44.0,35.0,77.0,61099879ad45eb8f3c0db110
460,5dcf4136cf8e7e086ea019e4,2.7,2.25,3.75,3.25,2.5,1.75,34.0,28.0,30.0,38.0,38.0,80.0,5dcf4136cf8e7e086ea019e4
461,6101678ef3b6d600052cbbaf,3.6,3.5,4.5,4.0,2.5,3.5,33.0,27.0,38.0,44.0,39.0,87.0,6101678ef3b6d600052cbbaf
462,5dee72917309b950e5262f3a,4.6,4.5,4.5,5.0,4.5,4.5,48.0,18.0,27.0,52.0,30.0,69.0,5dee72917309b950e5262f3a
463,5d63e12a54d79c00169844b8,3.3,3.25,3.75,3.75,2.75,3.0,35.0,18.0,27.0,48.0,30.0,74.0,5d63e12a54d79c00169844b8
464,5f51287698edeb30a0cf878d,3.75,4.0,3.75,4.25,4.5,2.25,37.0,22.0,32.0,46.0,37.0,79.0,5f51287698edeb30a0cf878d
465,617646d656a0115ca27ec794,4.1,3.75,4.25,4.25,4.5,3.75,44.0,20.0,23.0,43.0,32.0,71.0,617646d656a0115ca27ec794
466,6103159a48c853995ad5039a,3.9,3.25,4.0,4.0,4.25,4.0,39.0,21.0,31.0,47.0,32.0,69.0,6103159a48c853995ad5039a
467,60dfaf59c0c7432bf3252aad,3.15,4.0,2.5,4.0,1.75,3.5,44.0,24.0,27.0,44.0,38.0,82.0,60dfaf59c0c7432bf3252aad
468,5e718c86686c0c0b7759f340,3.3,3.25,2.75,4.0,4.25,2.25,34.0,19.0,25.0,42.0,32.0,74.0,5e718c86686c0c0b7759f340
469,5e48f4f7250a723762326141,2.5,3.0,2.0,4.0,1.0,2.5,41.0,22.0,30.0,43.0,34.0,84.0,5e48f4f7250a723762326141
470,5ba855d47c0ebe0001272f70,3.35,3.75,2.75,5.0,3.0,2.25,38.0,25.0,26.0,49.0,36.0,81.0,5ba855d47c0ebe0001272f70
471,5a2add709408dc00016f57d3,3.85,3.5,4.5,4.5,2.5,4.25,39.0,19.0,28.0,37.0,26.0,72.0,5a2add709408dc00016f57d3
472,6101b0045f55decb70142341,4.4,4.75,4.25,4.25,4.5,4.25,45.0,22.0,20.0,47.0,35.0,79.0,6101b0045f55decb70142341
473,61157bc60e3df352762b83ae,4.7,4.5,5.0,5.0,5.0,4.0,42.0,21.0,29.0,52.0,34.0,75.0,61157bc60e3df352762b83ae
474,611eb5db46ee495d60b16aae,4.35,3.75,5.0,4.5,4.75,3.75,43.0,29.0,29.0,50.0,33.0,74.0,611eb5db46ee495d60b16aae
475,605f9cfad4df69fcebaac11b,3.9,3.25,4.75,4.0,3.25,4.25,39.0,30.0,28.0,46.0,27.0,67.0,605f9cfad4df69fcebaac11b
476,60e9dd69a621497f1f8d3c2b,4.9,4.75,5.0,5.0,5.0,4.75,47.0,21.0,30.0,45.0,27.0,78.0,60e9dd69a621497f1f8d3c2b
477,5d7ff85ffec5620017b07c40,4.65,4.0,4.25,5.0,5.0,5.0,50.0,27.0,30.0,50.0,28.0,74.0,5d7ff85ffec5620017b07c40
478,5d6ef023cfe0a400198f911e,3.9,4.25,4.25,5.0,3.25,2.75,41.0,16.0,31.0,48.0,36.0,83.0,5d6ef023cfe0a400198f911e
479,5658000ca9872d0011e1ba26,3.75,3.5,4.25,3.75,4.25,3.0,45.0,24.0,33.0,51.0,36.0,89.0,5658000ca9872d0011e1ba26
480,614dde9a5fd320547a87c6a7,4.45,3.0,5.0,5.0,4.5,4.75,47.0,30.0,32.0,56.0,35.0,77.0,614dde9a5fd320547a87c6a7
481,5b66c8d4cda8590001dafb0c,4.1,3.75,4.75,4.75,3.75,3.5,44.0,21.0,24.0,51.0,32.0,71.0,5b66c8d4cda8590001dafb0c
482,5c0dbb9b9166290001253342,4.85,4.5,5.0,5.0,4.75,5.0,49.0,17.0,27.0,50.0,30.0,73.0,5c0dbb9b9166290001253342
483,6111957330465f6b85cff880,4.55,4.25,5.0,5.0,4.0,4.5,44.0,21.0,28.0,44.0,31.0,75.0,6111957330465f6b85cff880
484,60d29dcc8ee32f63b359d02d,3.7,3.25,3.75,4.25,3.75,3.5,39.0,23.0,30.0,45.0,30.0,75.0,60d29dcc8ee32f63b359d02d
485,5fffdc5f626a1e1582ab6b9e,4.3,3.25,4.75,4.75,4.0,4.75,38.0,23.0,31.0,46.0,37.0,78.0,5fffdc5f626a1e1582ab6b9e
486,5842eb2904e7550001a06b14,3.95,3.25,4.25,4.25,4.25,3.75,38.0,24.0,32.0,45.0,36.0,82.0,5842eb2904e7550001a06b14
487,616b175162ff5e38795d3321,4.5,3.75,5.0,5.0,4.75,4.0,44.0,27.0,33.0,48.0,36.0,86.0,616b175162ff5e38795d3321
488,6111234ac8cfa49e38acbfb4,3.6,4.25,3.0,3.0,4.5,3.25,40.0,22.0,32.0,29.0,39.0,89.0,6111234ac8cfa49e38acbfb4
489,55b424e1fdf99b526efcf8d0,3.2,3.0,4.25,3.5,2.0,3.25,41.0,23.0,28.0,53.0,38.0,78.0,55b424e1fdf99b526efcf8d0
490,5fc6e3a0040c3f0e7cb45c8a,4.65,4.0,5.0,5.0,4.25,5.0,40.0,21.0,37.0,49.0,34.0,89.0,5fc6e3a0040c3f0e7cb45c8a
491,5c5aecc774a76f0001a25ced,2.85,2.75,4.0,4.0,1.75,1.75,32.0,24.0,33.0,41.0,32.0,71.0,5c5aecc774a76f0001a25ced
492,6108649840bf2b927ef3905c,3.8,3.5,3.25,4.25,4.0,4.0,43.0,24.0,33.0,45.0,29.0,80.0,6108649840bf2b927ef3905c
493,6045c416b5547f70e3917c12,4.2,3.25,4.75,4.0,5.0,4.0,43.0,23.0,31.0,48.0,35.0,80.0,6045c416b5547f70e3917c12
494,5f5b0f1be585c32184a4cf35,4.15,4.0,4.0,4.75,4.5,3.5,43.0,19.0,27.0,47.0,32.0,75.0,5f5b0f1be585c32184a4cf35
495,60d898acd59f2f601e12bc39,4.35,3.75,3.5,5.0,4.75,4.75,41.0,26.0,28.0,40.0,36.0,78.0,60d898acd59f2f601e12bc39
496,5d338bb02381b7001761694e,4.8,4.0,5.0,5.0,5.0,5.0,42.0,18.0,25.0,40.0,24.0,68.0,5d338bb02381b7001761694e
497,60ca4cfb5c287146cad0695a,4.15,4.5,5.0,5.0,2.5,3.75,52.0,16.0,37.0,43.0,35.0,87.0,60ca4cfb5c287146cad0695a
498,5aeab6e39e185a0001b9e272,4.45,4.0,5.0,5.0,5.0,3.25,39.0,30.0,28.0,46.0,36.0,74.0,5aeab6e39e185a0001b9e272
499,5ad7835e9c198c0001fad31a,3.85,4.75,3.75,5.0,3.5,2.25,40.0,20.0,27.0,43.0,37.0,79.0,5ad7835e9c198c0001fad31a
500,5fd9227fbeeb773aa4d6c986,3.8,4.25,4.0,4.25,4.25,2.25,48.0,27.0,23.0,43.0,32.0,80.0,5fd9227fbeeb773aa4d6c986
501,5bc9f8b677740000016a08b5,3.2,3.5,1.5,5.0,4.25,1.75,30.0,20.0,26.0,41.0,38.0,72.0,5bc9f8b677740000016a08b5
502,5ee3a34e16ad19048aef74f6,3.45,2.5,4.0,4.0,3.5,3.25,31.0,27.0,27.0,43.0,33.0,77.0,5ee3a34e16ad19048aef74f6
503,60fedb22a2bf9052880e2f1e,4.15,3.5,5.0,4.5,4.25,3.5,39.0,31.0,29.0,40.0,30.0,76.0,60fedb22a2bf9052880e2f1e
504,5e387f2c0d70ef099d5e5a4f,4.25,5.0,5.0,4.5,2.75,4.0,42.0,13.0,30.0,44.0,36.0,77.0,5e387f2c0d70ef099d5e5a4f
505,611605de0a30eebef2479dc3,4.5,4.5,4.5,4.75,4.25,4.5,42.0,20.0,27.0,47.0,33.0,79.0,611605de0a30eebef2479dc3
506,5ec47b2d91b37736ce88f3d6,3.25,2.25,4.0,3.0,3.5,3.5,41.0,27.0,33.0,51.0,37.0,83.0,5ec47b2d91b37736ce88f3d6
507,607d8d87cda66ac1ec2b0efe,4.2,4.0,4.75,4.75,3.75,3.75,45.0,20.0,30.0,50.0,34.0,77.0,607d8d87cda66ac1ec2b0efe
508,60fd84bd019682124d96c178,3.4,2.75,4.25,4.0,3.25,2.75,35.0,17.0,29.0,47.0,34.0,75.0,60fd84bd019682124d96c178
509,5fe3f539dd8cf10e7d545231,4.4,4.25,3.75,5.0,4.25,4.75,38.0,22.0,23.0,46.0,31.0,66.0,5fe3f539dd8cf10e7d545231
510,614ea7157012d9aedd361732,4.7,4.5,4.75,5.0,4.75,4.5,38.0,18.0,37.0,49.0,38.0,83.0,614ea7157012d9aedd361732
511,6108486e1bac51f49b2260bc,4.65,3.5,5.0,4.75,5.0,5.0,46.0,28.0,31.0,47.0,23.0,70.0,6108486e1bac51f49b2260bc
512,5f9f96c7ea7f965f92f5d488,3.85,4.0,3.75,4.0,4.25,3.25,33.0,19.0,32.0,57.0,34.0,75.0,5f9f96c7ea7f965f92f5d488
513,6098c5fbfe7c136e241030f7,4.1,3.75,4.5,4.5,3.75,4.0,37.0,22.0,35.0,43.0,40.0,86.0,6098c5fbfe7c136e241030f7
514,61116266a3b66e77613cfa14,4.25,4.25,4.25,4.25,4.75,3.75,46.0,24.0,36.0,41.0,34.0,88.0,61116266a3b66e77613cfa14
515,616829d7504e0346ff2b51df,3.6,3.75,3.5,4.0,3.5,3.25,34.0,23.0,31.0,44.0,33.0,75.0,616829d7504e0346ff2b51df
516,5aea7d94a110a00001f7e50e,3.95,4.0,4.25,4.5,3.0,4.0,36.0,21.0,31.0,51.0,31.0,73.0,5aea7d94a110a00001f7e50e
517,592bb32c943e670001cde123,3.9,3.75,4.0,4.25,3.75,3.75,36.0,22.0,27.0,41.0,31.0,73.0,592bb32c943e670001cde123
518,60c382725a7a55abef2e8e99,4.05,3.5,4.25,4.75,3.75,4.0,39.0,19.0,31.0,43.0,30.0,74.0,60c382725a7a55abef2e8e99
519,61001ca70fff7fa858287979,4.5,4.0,5.0,5.0,4.5,4.0,45.0,20.0,39.0,47.0,46.0,96.0,61001ca70fff7fa858287979
520,60e5d47e17c05633eef565e3,3.95,3.75,4.5,4.75,3.25,3.5,39.0,28.0,32.0,50.0,36.0,76.0,60e5d47e17c05633eef565e3
521,5dd73a162c5c106e360b0ef5,4.25,4.0,4.25,4.5,4.25,4.25,47.0,29.0,41.0,47.0,36.0,93.0,5dd73a162c5c106e360b0ef5
522,56875435369319000c26947d,3.2,3.5,2.75,3.5,3.25,3.0,37.0,21.0,21.0,38.0,30.0,71.0,56875435369319000c26947d
523,5acc2d21436f550001003111,3.75,3.5,3.75,4.0,4.0,3.5,42.0,25.0,29.0,44.0,30.0,75.0,5acc2d21436f550001003111
524,60b8198defba8da1d95a93b8,3.5,3.25,3.5,4.0,3.0,3.75,33.0,23.0,26.0,46.0,34.0,74.0,60b8198defba8da1d95a93b8
525,5ca94409c3ac86001108b199,4.25,4.0,4.25,5.0,4.5,3.5,47.0,28.0,29.0,49.0,37.0,85.0,5ca94409c3ac86001108b199
526,604afd0d0a2dc7908ca31948,4.7,4.75,4.5,5.0,4.75,4.5,44.0,19.0,24.0,47.0,29.0,70.0,604afd0d0a2dc7908ca31948
527,5d61a3001c84fc001780f4ad,4.85,5.0,5.0,5.0,5.0,4.25,52.0,20.0,25.0,47.0,43.0,79.0,5d61a3001c84fc001780f4ad
528,56259489ed6e5a0005c80fde,3.75,3.0,4.25,5.0,3.25,3.25,42.0,30.0,28.0,45.0,39.0,81.0,56259489ed6e5a0005c80fde
529,5dd733664524e76dc4537fe2,4.5,3.75,4.75,5.0,4.25,4.75,39.0,22.0,31.0,45.0,31.0,72.0,5dd733664524e76dc4537fe2
530,5c024be169406e00014e0b8e,3.05,2.25,4.0,3.5,2.5,3.0,34.0,22.0,34.0,40.0,30.0,75.0,5c024be169406e00014e0b8e
531,5d360ba82fd5a40001e596fd,3.95,3.75,4.25,4.75,3.25,3.75,44.0,25.0,27.0,47.0,28.0,71.0,5d360ba82fd5a40001e596fd
532,5a348ea750833c0001ee9550,4.3,3.0,4.75,5.0,4.75,4.0,42.0,22.0,28.0,47.0,31.0,81.0,5a348ea750833c0001ee9550
533,5c509cad3e4c8400010ac228,4.0,4.0,4.0,4.0,4.0,4.0,43.0,14.0,25.0,39.0,29.0,74.0,5c509cad3e4c8400010ac228
534,5d3695969749cc00165c222f,4.0,4.0,4.0,5.0,3.75,3.25,46.0,27.0,30.0,48.0,27.0,77.0,5d3695969749cc00165c222f
535,5e14d563c4e155ae93907ae1,4.25,4.5,4.0,4.25,4.5,4.0,42.0,28.0,26.0,52.0,32.0,71.0,5e14d563c4e155ae93907ae1
536,5e9749b44592572013c96868,3.9,3.5,4.75,4.25,4.0,3.0,42.0,20.0,32.0,44.0,36.0,85.0,5e9749b44592572013c96868
537,6065641fcd92b6328a54163f,4.6,4.0,4.5,5.0,5.0,4.5,44.0,18.0,39.0,44.0,26.0,85.0,6065641fcd92b6328a54163f
538,6150c9597b5bb588dfd106f9,3.15,2.25,3.75,2.25,4.0,3.5,36.0,20.0,24.0,42.0,25.0,68.0,6150c9597b5bb588dfd106f9
539,5f1cc717981bb7584655fe62,2.9,2.5,4.0,3.25,1.5,3.25,32.0,19.0,31.0,40.0,29.0,78.0,5f1cc717981bb7584655fe62
540,5d96203d74f4a000159a8c58,2.45,2.5,2.75,3.0,2.0,2.0,35.0,27.0,35.0,39.0,29.0,83.0,5d96203d74f4a000159a8c58
541,60be9f464ad56ccf68bc2342,3.95,4.0,5.0,4.75,2.25,3.75,37.0,21.0,33.0,51.0,33.0,78.0,60be9f464ad56ccf68bc2342
542,5ec62902bb44c16b842128f9,4.25,4.5,5.0,4.0,4.0,3.75,34.0,29.0,23.0,45.0,26.0,72.0,5ec62902bb44c16b842128f9
543,6112eed8fc24fa0d4e2c2b31,4.8,4.5,5.0,5.0,4.75,4.75,47.0,22.0,30.0,42.0,24.0,71.0,6112eed8fc24fa0d4e2c2b31
544,6126ecc3ebef11936ed8bfcb,3.4,2.5,3.5,4.0,4.0,3.0,29.0,26.0,36.0,37.0,37.0,87.0,6126ecc3ebef11936ed8bfcb
545,6148f3d1074988c7852c1774,2.2,2.0,2.25,2.25,2.25,2.25,28.0,24.0,30.0,36.0,34.0,80.0,6148f3d1074988c7852c1774
546,5b060d9e68eff50001d1a2c1,3.75,3.25,4.0,4.0,4.0,3.5,45.0,27.0,24.0,50.0,31.0,67.0,5b060d9e68eff50001d1a2c1
547,5bef64b373e44f0001092811,3.7,4.25,3.0,5.0,2.25,4.0,35.0,23.0,26.0,37.0,39.0,78.0,5bef64b373e44f0001092811
548,56f1d53bf2df32000b8f3748,4.3,4.25,4.75,4.75,4.0,3.75,47.0,25.0,28.0,47.0,31.0,77.0,56f1d53bf2df32000b8f3748
549,594a964c215cbd000146de75,4.05,3.5,4.75,4.0,4.25,3.75,36.0,23.0,33.0,47.0,33.0,73.0,594a964c215cbd000146de75
550,611f1751f8fd84c3ba826634,4.3,3.5,4.75,5.0,3.75,4.5,39.0,21.0,28.0,45.0,24.0,65.0,611f1751f8fd84c3ba826634
551,5f90cce1ad787d1dbdbc1cfb,3.8,3.25,4.0,4.0,4.25,3.5,38.0,22.0,34.0,44.0,35.0,82.0,5f90cce1ad787d1dbdbc1cfb
552,5c4de8f726093e000134ee6e,4.0,3.5,4.25,4.0,4.25,4.0,44.0,22.0,22.0,43.0,27.0,70.0,5c4de8f726093e000134ee6e
553,60ff14a46f99a66e7d2a73ef,3.8,3.25,4.0,4.0,3.5,4.25,41.0,26.0,28.0,42.0,29.0,73.0,60ff14a46f99a66e7d2a73ef
554,5e154952c76aa6b40619b1d3,3.05,1.75,3.75,3.25,3.5,3.0,35.0,27.0,31.0,44.0,32.0,77.0,5e154952c76aa6b40619b1d3
555,5ec403bb09d0e02a060bd5e6,3.75,2.75,4.25,4.75,3.0,4.0,37.0,28.0,33.0,48.0,27.0,80.0,5ec403bb09d0e02a060bd5e6
556,5bddc463712eb800010d2e4d,4.35,4.0,4.5,5.0,4.5,3.75,46.0,22.0,24.0,48.0,31.0,73.0,5bddc463712eb800010d2e4d
557,5fe112243ce806b5704eca6e,3.4,4.0,3.75,4.25,2.5,2.5,40.0,20.0,35.0,43.0,40.0,94.0,5fe112243ce806b5704eca6e
558,5e836a3c2598d409928dae31,4.75,4.75,5.0,5.0,4.0,5.0,51.0,18.0,25.0,48.0,26.0,72.0,5e836a3c2598d409928dae31
559,5f467b0a0d1aef037515c8c9,2.8,2.75,3.25,3.25,2.25,2.5,33.0,25.0,30.0,43.0,36.0,81.0,5f467b0a0d1aef037515c8c9
560,5fed01281d6cb4f2fef20220,3.8,3.5,4.5,4.0,4.25,2.75,40.0,22.0,32.0,40.0,31.0,78.0,5fed01281d6cb4f2fef20220
561,5e954b384491ad117052cd48,4.8,4.25,5.0,5.0,5.0,4.75,45.0,19.0,29.0,45.0,24.0,73.0,5e954b384491ad117052cd48
562,5a78e410ae9a0b0001a97274,3.95,4.0,3.75,4.0,4.0,4.0,40.0,23.0,22.0,41.0,30.0,68.0,5a78e410ae9a0b0001a97274
563,614dec845e7be8646c2081e4,4.15,3.25,4.25,4.0,5.0,4.25,40.0,26.0,32.0,45.0,29.0,73.0,614dec845e7be8646c2081e4
564,5e04b9be7adf4bf23f066a2a,2.35,2.0,3.5,2.25,1.75,2.25,30.0,20.0,27.0,45.0,35.0,81.0,5e04b9be7adf4bf23f066a2a
565,613536e3238caf9fc20ea9e7,3.75,3.5,3.5,4.25,3.5,4.0,39.0,24.0,31.0,43.0,34.0,82.0,613536e3238caf9fc20ea9e7
566,5ed11bf9c0af2b02a78d9386,4.95,4.75,5.0,5.0,5.0,5.0,45.0,16.0,33.0,43.0,33.0,79.0,5ed11bf9c0af2b02a78d9386
567,5bf116a61e78580001dc4842,3.2,3.0,3.0,4.0,2.5,3.5,32.0,24.0,27.0,45.0,31.0,75.0,5bf116a61e78580001dc4842
568,616faf3ab8c53e7a73a5dea5,3.8,3.25,4.25,5.0,3.0,3.5,39.0,20.0,25.0,48.0,31.0,72.0,616faf3ab8c53e7a73a5dea5
569,61041ee352053324556d8019,4.35,3.5,4.5,4.5,4.75,4.5,39.0,27.0,28.0,45.0,32.0,78.0,61041ee352053324556d8019
570,5dc19bcd4fbd08108de60b13,3.95,3.0,4.5,4.5,4.25,3.5,43.0,21.0,27.0,50.0,35.0,75.0,5dc19bcd4fbd08108de60b13
571,59613e627ab4ce00017b8631,3.15,3.5,3.75,4.25,2.0,2.25,38.0,21.0,31.0,47.0,41.0,91.0,59613e627ab4ce00017b8631
572,5ef51de92a8ed116654bc910,4.1,3.25,4.5,5.0,3.5,4.25,40.0,21.0,30.0,46.0,29.0,70.0,5ef51de92a8ed116654bc910
573,60fe43d9f9d89a9237395a83,4.2,3.75,4.75,4.0,4.25,4.25,39.0,22.0,27.0,42.0,29.0,71.0,60fe43d9f9d89a9237395a83
574,61002caab8bc99b527252504,3.95,3.75,3.75,4.75,4.0,3.5,31.0,28.0,34.0,39.0,35.0,81.0,61002caab8bc99b527252504
575,5e4044797946592823cbec2a,4.9,4.75,5.0,5.0,5.0,4.75,39.0,21.0,29.0,51.0,34.0,70.0,5e4044797946592823cbec2a
576,5c2c62542c45d400014a32e6,3.65,3.75,4.0,4.75,2.75,3.0,45.0,27.0,40.0,49.0,38.0,94.0,5c2c62542c45d400014a32e6
577,602af54feff74b1eeac797e8,3.7,3.75,3.5,4.5,3.25,3.5,41.0,26.0,30.0,48.0,38.0,78.0,602af54feff74b1eeac797e8
578,5ee09c1a0c2ad1027f541f53,3.45,3.75,4.0,4.0,2.5,3.0,37.0,22.0,29.0,45.0,36.0,81.0,5ee09c1a0c2ad1027f541f53
579,60fcf0aa0faf528b8c2d719b,4.05,3.5,5.0,4.5,3.75,3.5,41.0,24.0,33.0,40.0,34.0,83.0,60fcf0aa0faf528b8c2d719b
580,60b91e7f81b40fd08d67baaa,4.1,4.25,3.75,4.25,4.75,3.5,47.0,22.0,31.0,52.0,40.0,88.0,60b91e7f81b40fd08d67baaa
581,61041a3b4159985f5294a436,4.55,3.5,5.0,4.5,4.75,5.0,45.0,26.0,33.0,52.0,34.0,91.0,61041a3b4159985f5294a436
582,5692e00c8d93fe000efa0459,2.9,1.5,3.25,3.25,4.0,2.5,38.0,28.0,27.0,42.0,33.0,75.0,5692e00c8d93fe000efa0459
583,604c116bbb5f48fd0489e799,4.85,4.25,5.0,5.0,5.0,5.0,49.0,27.0,23.0,51.0,27.0,69.0,604c116bbb5f48fd0489e799
584,57e91ff08dcd2c00014bea18,4.0,3.5,3.75,4.75,4.5,3.5,38.0,22.0,25.0,45.0,31.0,72.0,57e91ff08dcd2c00014bea18
585,60fd7f782b0c5f0b6503302a,3.9,4.0,3.75,4.0,4.0,3.75,44.0,22.0,32.0,48.0,40.0,89.0,60fd7f782b0c5f0b6503302a
586,6018d815710c721dd0c0a34c,3.95,4.5,3.25,5.0,3.25,3.75,39.0,19.0,30.0,46.0,39.0,81.0,6018d815710c721dd0c0a34c
587,5ef0a57934472c0fe684eb2c,4.2,3.75,4.5,4.5,4.0,4.25,43.0,29.0,28.0,51.0,25.0,67.0,5ef0a57934472c0fe684eb2c
588,612d890c774262d7afe06380,3.55,3.25,4.0,4.25,2.75,3.5,42.0,25.0,36.0,45.0,38.0,90.0,612d890c774262d7afe06380
589,6113e338bfc2519a9fc069fd,2.8,3.25,2.5,3.75,2.0,2.5,40.0,23.0,30.0,41.0,40.0,84.0,6113e338bfc2519a9fc069fd
590,60f0dcbc59e623de37ddc745,4.95,4.75,5.0,5.0,5.0,5.0,52.0,24.0,33.0,47.0,26.0,76.0,60f0dcbc59e623de37ddc745
591,610ef9a5cdec3fa83ceaf938,4.7,4.75,4.25,5.0,5.0,4.5,51.0,22.0,20.0,56.0,27.0,65.0,610ef9a5cdec3fa83ceaf938
592,5ec5a64c306f255ec98d5cc1,3.789473684210526,3.3333333333333335,3.75,4.0,3.5,4.25,36.0,26.0,24.0,33.0,32.0,75.0,5ec5a64c306f255ec98d5cc1
593,60b9689dc626572895cb801b,4.05,3.5,4.5,4.25,4.25,3.75,40.0,28.0,31.0,51.0,31.0,79.0,60b9689dc626572895cb801b
594,610978200236b59da80571e7,4.5,4.25,5.0,4.25,5.0,4.0,43.0,20.0,32.0,43.0,37.0,83.0,610978200236b59da80571e7
595,60ff1f3156b8ba76b051b883,3.45,3.5,3.75,4.0,2.75,3.25,35.0,20.0,34.0,42.0,30.0,78.0,60ff1f3156b8ba76b051b883
596,615eeebcaf9dfa5db4d99577,4.2,3.25,3.75,5.0,5.0,4.0,47.0,22.0,31.0,34.0,35.0,88.0,615eeebcaf9dfa5db4d99577
597,61017c82f249ee18efea4097,4.1,3.75,4.5,4.0,4.5,3.75,45.0,27.0,32.0,49.0,27.0,76.0,61017c82f249ee18efea4097
598,600628028f2211980fd1632c,4.85,4.5,5.0,5.0,5.0,4.75,48.0,19.0,27.0,51.0,27.0,69.0,600628028f2211980fd1632c
599,603e86969a3fd3ec23e64a13,4.9,5.0,4.75,5.0,5.0,4.75,50.0,17.0,29.0,53.0,28.0,76.0,603e86969a3fd3ec23e64a13
600,5dd33b9159b1b033ec2cf634,3.65,3.75,1.75,5.0,4.5,3.25,53.0,30.0,24.0,34.0,36.0,85.0,5dd33b9159b1b033ec2cf634
601,6095a3cfda27eb98bb3b74f0,4.1,3.75,4.0,4.75,4.5,3.5,40.0,25.0,25.0,47.0,40.0,82.0,6095a3cfda27eb98bb3b74f0
602,5acacf8c9534ba0001c777cf,3.7,3.5,3.5,4.0,4.5,3.0,41.0,19.0,26.0,44.0,36.0,73.0,5acacf8c9534ba0001c777cf
603,614e9fcd6fcf901069f0b1e0,4.55,3.75,4.25,5.0,5.0,4.75,44.0,14.0,27.0,40.0,27.0,69.0,614e9fcd6fcf901069f0b1e0
604,611c1cf68a3a6fc487b01d82,4.9,4.75,5.0,5.0,4.75,5.0,52.0,35.0,33.0,47.0,30.0,86.0,611c1cf68a3a6fc487b01d82
605,58d4c4c287b2420001263b6a,4.7,4.75,4.75,5.0,4.75,4.25,39.0,22.0,26.0,48.0,24.0,63.0,58d4c4c287b2420001263b6a
606,606573928500e8dd63085279,4.35,5.0,4.25,5.0,3.5,4.0,47.0,30.0,27.0,48.0,29.0,74.0,606573928500e8dd63085279
607,61005846cbe173e04d3ad69d,4.65,4.0,4.75,5.0,5.0,4.5,39.0,23.0,32.0,46.0,31.0,79.0,61005846cbe173e04d3ad69d
608,60d1045b78468bd4b5bc650c,4.9,5.0,5.0,5.0,5.0,4.5,45.0,24.0,29.0,50.0,36.0,80.0,60d1045b78468bd4b5bc650c
609,5b5e7e643bac1d0001f9bf28,4.8,4.5,5.0,5.0,4.5,5.0,49.0,23.0,27.0,49.0,28.0,72.0,5b5e7e643bac1d0001f9bf28
610,5783f7dd25cb7100012884a7,2.95,2.75,3.75,3.75,2.0,2.5,42.0,21.0,28.0,50.0,30.0,79.0,5783f7dd25cb7100012884a7
611,611157c508ec60f3cfb2628e,4.85,4.5,5.0,5.0,5.0,4.75,45.0,20.0,34.0,50.0,30.0,81.0,611157c508ec60f3cfb2628e
612,6111739b4db1a934aa0b1a6a,4.5,4.0,4.5,4.75,5.0,4.25,40.0,22.0,31.0,46.0,35.0,73.0,6111739b4db1a934aa0b1a6a
613,5eec780232fae0000b70b506,4.1,3.5,3.75,4.25,5.0,4.0,42.0,26.0,31.0,49.0,36.0,81.0,5eec780232fae0000b70b506
614,5e8649f063e179270e2e05a4,3.85,3.5,4.0,4.0,4.25,3.5,38.0,24.0,28.0,42.0,31.0,77.0,5e8649f063e179270e2e05a4
615,5d4732b70829350016ed314d,3.45,4.0,3.75,4.25,2.0,3.25,41.0,18.0,25.0,46.0,32.0,72.0,5d4732b70829350016ed314d
616,61016278b59014742baaa17e,4.15,3.75,4.75,4.5,4.0,3.75,40.0,21.0,36.0,43.0,37.0,90.0,61016278b59014742baaa17e
617,5bc0ac845a09ea00012e2d30,4.5,4.75,4.75,5.0,4.5,3.5,50.0,18.0,25.0,51.0,32.0,80.0,5bc0ac845a09ea00012e2d30
618,5e749e41d7eb9440cc2ca8b2,4.55,4.5,4.5,4.25,5.0,4.5,46.0,27.0,26.0,49.0,30.0,73.0,5e749e41d7eb9440cc2ca8b2
619,5e7f4d2ad29f7560f032abb9,4.5,4.0,5.0,4.75,4.75,4.0,42.0,26.0,30.0,50.0,32.0,78.0,5e7f4d2ad29f7560f032abb9
620,5e2ac2aa0038f21089a533a4,4.6,5.0,5.0,5.0,4.0,4.0,53.0,24.0,38.0,46.0,40.0,96.0,5e2ac2aa0038f21089a533a4
621,6110a37f5e243363389c852e,3.85,3.75,3.75,4.0,4.0,3.75,37.0,25.0,27.0,40.0,32.0,75.0,6110a37f5e243363389c852e
622,5e8a1827052175000938eb91,3.6,3.25,4.0,4.0,3.75,3.0,37.0,21.0,32.0,44.0,33.0,75.0,5e8a1827052175000938eb91
623,60aec8d62cd630b976374c5e,3.3,3.5,4.0,3.5,3.0,2.5,41.0,25.0,30.0,47.0,36.0,83.0,60aec8d62cd630b976374c5e
624,60ff1c9eaffa19250ca7cb6d,4.45,3.5,4.25,4.75,5.0,4.75,47.0,26.0,34.0,47.0,29.0,82.0,60ff1c9eaffa19250ca7cb6d
625,61240359077369fde360653e,4.2,3.75,4.5,4.5,4.5,3.75,40.0,31.0,25.0,47.0,30.0,73.0,61240359077369fde360653e
626,615f54a5141128cf81b7e857,2.8,1.75,3.75,3.75,2.25,2.5,31.0,21.0,30.0,47.0,37.0,77.0,615f54a5141128cf81b7e857
627,60898679445b1d69c862ce67,3.85,3.5,4.0,4.25,4.0,3.5,40.0,26.0,29.0,51.0,37.0,76.0,60898679445b1d69c862ce67
628,6111dbe985f809c17943f373,2.85,1.75,4.0,3.25,2.5,2.75,39.0,19.0,31.0,44.0,37.0,90.0,6111dbe985f809c17943f373
629,610038371297afd6f2db9323,4.55,3.5,5.0,5.0,5.0,4.25,43.0,26.0,32.0,55.0,30.0,75.0,610038371297afd6f2db9323
630,60dbc09cc576a008f412e077,3.15,4.5,2.0,3.75,2.25,3.25,41.0,17.0,24.0,36.0,30.0,70.0,60dbc09cc576a008f412e077
631,60fd63b8d96491b3d955996d,4.95,5.0,4.75,5.0,5.0,5.0,46.0,23.0,25.0,56.0,36.0,73.0,60fd63b8d96491b3d955996d
632,6108201b3f76043fc9a8058b,3.45,3.25,4.0,3.75,3.5,2.75,39.0,24.0,32.0,43.0,30.0,79.0,6108201b3f76043fc9a8058b
633,60fedc4addf6159ec8d6dbc3,3.9,3.5,4.0,4.0,4.0,4.0,45.0,24.0,29.0,43.0,31.0,77.0,60fedc4addf6159ec8d6dbc3
634,60fd8be40b4150653bf996d5,4.35,3.75,4.0,4.25,5.0,4.75,46.0,25.0,33.0,49.0,31.0,79.0,60fd8be40b4150653bf996d5
635,610163ae86c7a8f3529f0e77,3.9,3.5,4.0,4.0,4.5,3.5,38.0,25.0,28.0,45.0,31.0,74.0,610163ae86c7a8f3529f0e77
636,5650cd19eb427f0013267c5b,4.4,4.0,5.0,5.0,4.75,3.25,44.0,23.0,34.0,46.0,38.0,80.0,5650cd19eb427f0013267c5b
637,5a2e1fb3840612000134339b,4.65,5.0,4.25,4.75,5.0,4.25,47.0,21.0,29.0,54.0,37.0,82.0,5a2e1fb3840612000134339b
638,5dcdef4dd30a0e0acb5b6fba,3.6,3.5,3.75,5.0,2.25,3.5,41.0,26.0,28.0,41.0,36.0,81.0,5dcdef4dd30a0e0acb5b6fba
639,5a9743c835237b00011276d7,4.2,3.5,4.75,5.0,4.0,3.75,37.0,27.0,33.0,42.0,36.0,78.0,5a9743c835237b00011276d7
640,612e774f539a45b2e8aad19e,3.75,3.5,4.0,3.75,3.75,3.75,42.0,30.0,31.0,39.0,32.0,80.0,612e774f539a45b2e8aad19e
641,611ff6cc935b6de3fff0b896,3.8,2.5,4.75,4.0,4.5,3.25,28.0,26.0,42.0,45.0,33.0,89.0,611ff6cc935b6de3fff0b896
642,5a791168f49c9a0001f31061,4.25,3.25,4.75,5.0,4.75,3.5,38.0,19.0,24.0,54.0,28.0,74.0,5a791168f49c9a0001f31061
643,5ad6d2543660ef00019b8ce9,4.2,3.25,4.75,4.5,4.0,4.5,47.0,33.0,30.0,50.0,37.0,91.0,5ad6d2543660ef00019b8ce9
644,60bff9298f56d55c8ecd9adf,4.35,4.25,4.25,4.25,5.0,4.0,41.0,20.0,30.0,50.0,35.0,79.0,60bff9298f56d55c8ecd9adf
645,5ffdf62d9169a23d1edaceab,3.75,3.75,4.0,4.5,2.75,3.75,40.0,29.0,28.0,49.0,35.0,72.0,5ffdf62d9169a23d1edaceab
646,5a5538bc8e6259000175a49e,3.8,3.5,3.5,4.5,3.5,4.0,43.0,22.0,26.0,50.0,32.0,74.0,5a5538bc8e6259000175a49e
647,5d3df9b23bf3780015abf56f,3.85,4.25,4.25,4.25,3.5,3.0,40.0,21.0,27.0,51.0,42.0,76.0,5d3df9b23bf3780015abf56f
648,5e84bd7c34d5d9072128fac1,3.3,3.5,4.0,4.25,2.5,2.25,31.0,25.0,27.0,51.0,32.0,72.0,5e84bd7c34d5d9072128fac1
649,60fdc934e81b93f92f561d76,4.15,3.75,4.75,4.25,4.0,4.0,33.0,21.0,29.0,51.0,35.0,80.0,60fdc934e81b93f92f561d76
650,610813ebfdb1b78559fb1ff9,3.55,3.25,3.75,4.0,3.25,3.5,34.0,19.0,27.0,39.0,27.0,67.0,610813ebfdb1b78559fb1ff9
651,610ac54a0def96189e7eecb6,3.55,3.25,3.5,4.75,2.75,3.5,40.0,20.0,32.0,43.0,36.0,81.0,610ac54a0def96189e7eecb6
652,5c4d1a6c9ce35100019dbc88,4.6,4.0,5.0,5.0,4.5,4.5,41.0,18.0,21.0,50.0,37.0,75.0,5c4d1a6c9ce35100019dbc88
653,5befb6e27c387400016983bf,3.85,4.0,4.5,4.0,3.5,3.25,38.0,26.0,21.0,43.0,35.0,69.0,5befb6e27c387400016983bf
654,5f0a48e187a3fe31a75050fe,4.5,4.25,4.75,5.0,3.75,4.75,38.0,22.0,26.0,46.0,30.0,71.0,5f0a48e187a3fe31a75050fe
655,57dd1a741334540001170404,4.6,4.25,5.0,4.75,5.0,4.0,40.0,21.0,27.0,48.0,31.0,68.0,57dd1a741334540001170404
656,5ba3de31fcf3440001cd4bc1,3.6,3.25,4.0,4.0,3.75,3.0,36.0,25.0,29.0,44.0,31.0,76.0,5ba3de31fcf3440001cd4bc1
657,61084d4214248ad7ba69ae8e,4.4,3.5,4.75,4.75,4.0,5.0,46.0,20.0,30.0,50.0,30.0,75.0,61084d4214248ad7ba69ae8e
658,611fea2ee098d9556aaa6c17,3.0,3.0,3.0,3.0,3.0,3.0,37.0,23.0,30.0,37.0,28.0,75.0,611fea2ee098d9556aaa6c17
659,6127c6162228b9657b189855,4.25,3.75,4.5,4.5,4.5,4.0,43.0,23.0,31.0,45.0,31.0,73.0,6127c6162228b9657b189855
660,61095d528d0b97a520a20bd7,4.0,3.5,4.0,4.5,4.5,3.5,39.0,21.0,26.0,48.0,32.0,72.0,61095d528d0b97a520a20bd7
661,606be651a89a7baf6141e8b9,4.45,2.75,5.0,5.0,4.75,4.75,26.0,23.0,28.0,43.0,31.0,74.0,606be651a89a7baf6141e8b9
662,6100de215d74d0cd097b6fb6,4.15,4.25,4.0,4.25,4.25,4.0,40.0,27.0,26.0,38.0,30.0,71.0,6100de215d74d0cd097b6fb6
663,608ecc26e4c76e93f4e1afe3,4.1,3.5,4.75,4.25,4.25,3.75,38.0,20.0,31.0,51.0,35.0,79.0,608ecc26e4c76e93f4e1afe3
664,5e3040a2d1a553000cc9147b,3.35,3.5,4.0,4.0,2.25,3.0,42.0,22.0,28.0,50.0,30.0,73.0,5e3040a2d1a553000cc9147b
665,6016f95c56f32e8df6e841af,4.1,4.0,4.25,4.5,4.0,3.75,43.0,23.0,32.0,45.0,29.0,75.0,6016f95c56f32e8df6e841af
666,6115a88fd4fd3392a492450f,4.0,3.5,3.0,5.0,5.0,3.5,43.0,22.0,29.0,47.0,38.0,79.0,6115a88fd4fd3392a492450f
667,5f480c726bf20b290a8e4bc3,3.8,4.0,4.0,3.75,3.75,3.5,41.0,23.0,34.0,52.0,41.0,89.0,5f480c726bf20b290a8e4bc3
668,5f6cdde7a8d71310b06e402a,4.15,3.75,4.5,4.5,4.0,4.0,37.0,20.0,28.0,40.0,28.0,70.0,5f6cdde7a8d71310b06e402a
669,603d82876aac09ce6d93630e,4.25,3.0,4.5,4.0,5.0,4.75,43.0,24.0,32.0,54.0,34.0,81.0,603d82876aac09ce6d93630e
670,60ff2fc7ff799a89b38e6adc,4.65,4.0,5.0,5.0,5.0,4.25,45.0,29.0,36.0,51.0,41.0,83.0,60ff2fc7ff799a89b38e6adc
671,614cd9dba2dad462039739cf,4.55,4.25,4.75,5.0,5.0,3.75,41.0,28.0,32.0,44.0,26.0,77.0,614cd9dba2dad462039739cf
672,612039d9400fae9545b3c5a8,4.55,5.0,5.0,5.0,4.5,3.25,51.0,18.0,33.0,54.0,46.0,95.0,612039d9400fae9545b3c5a8
673,5eceed79840590300f53fa51,4.2,4.25,4.25,4.25,4.0,4.25,41.0,21.0,24.0,42.0,26.0,67.0,5eceed79840590300f53fa51
674,5b4c9ce917c72d0001e2a75f,3.15,3.0,3.0,3.25,4.0,2.5,31.0,21.0,29.0,37.0,35.0,81.0,5b4c9ce917c72d0001e2a75f
675,61004d3d5b1638f55df31384,4.25,3.0,5.0,3.5,5.0,4.75,42.0,29.0,29.0,49.0,28.0,77.0,61004d3d5b1638f55df31384
676,60fbed5d2532f7768e7b5a29,3.95,3.25,4.5,5.0,3.75,3.25,45.0,22.0,23.0,41.0,34.0,78.0,60fbed5d2532f7768e7b5a29
677,5ac4c730f69e940001d977e1,4.15,4.5,3.75,4.25,4.25,4.0,42.0,18.0,25.0,49.0,31.0,77.0,5ac4c730f69e940001d977e1
678,5c4ea6cc889752000156dd8e,3.45,3.5,4.0,4.25,1.75,3.75,35.0,22.0,29.0,49.0,33.0,76.0,5c4ea6cc889752000156dd8e
679,61310db855a32fc69c440550,2.6,1.25,2.25,2.25,4.75,2.5,34.0,30.0,31.0,39.0,34.0,83.0,61310db855a32fc69c440550
680,614de6faf1af6a87e98a50bc,4.1,2.75,4.75,4.25,5.0,3.75,37.0,18.0,35.0,46.0,34.0,89.0,614de6faf1af6a87e98a50bc
681,61391693d47000d783145b93,3.95,3.5,4.75,4.0,4.0,3.5,38.0,22.0,28.0,48.0,32.0,69.0,61391693d47000d783145b93
682,5dab320180cabf00168279d7,2.6,2.0,2.25,3.25,3.25,2.25,41.0,29.0,20.0,43.0,34.0,79.0,5dab320180cabf00168279d7
683,60885dc6571926117732b41e,4.0,4.25,3.0,5.0,4.25,3.5,48.0,21.0,27.0,49.0,25.0,72.0,60885dc6571926117732b41e
684,5ae8916cf00c7f00018f528d,4.55,4.25,5.0,5.0,4.0,4.5,46.0,22.0,27.0,44.0,30.0,72.0,5ae8916cf00c7f00018f528d
685,60179276e6b0ba9f53339b8c,4.75,3.75,5.0,5.0,5.0,5.0,47.0,33.0,33.0,51.0,26.0,76.0,60179276e6b0ba9f53339b8c
686,61006a10245f89c3731745bd,4.8,4.75,5.0,5.0,5.0,4.25,41.0,14.0,28.0,41.0,35.0,77.0,61006a10245f89c3731745bd
687,6111608c00f1b4bc8801ce3c,4.8,5.0,5.0,5.0,4.0,5.0,54.0,17.0,27.0,44.0,33.0,84.0,6111608c00f1b4bc8801ce3c
688,6019a7211839d5112bf03628,3.4,2.5,4.5,4.5,2.5,3.0,32.0,19.0,29.0,43.0,35.0,75.0,6019a7211839d5112bf03628
689,5da7c6ecd11d560015a3d1da,4.5,4.25,5.0,5.0,4.75,3.5,43.0,24.0,33.0,52.0,36.0,86.0,5da7c6ecd11d560015a3d1da
690,60a48adfe091e410f4eaba34,4.4,4.75,3.75,4.75,4.25,4.5,47.0,21.0,29.0,40.0,28.0,77.0,60a48adfe091e410f4eaba34
691,6108bcb974a08a10c085bb5f,3.8,3.5,4.0,4.0,4.0,3.5,35.0,22.0,29.0,38.0,29.0,71.0,6108bcb974a08a10c085bb5f
692,6110b2b7dd8d1dc7530fea47,2.95,2.0,3.5,3.0,3.0,3.25,35.0,25.0,25.0,34.0,35.0,83.0,6110b2b7dd8d1dc7530fea47
693,61644d760c8439f52ae07d35,3.15,1.75,3.75,3.75,3.5,3.0,36.0,30.0,28.0,44.0,33.0,79.0,61644d760c8439f52ae07d35
694,60fcd151a24a2b0184325008,4.2,4.25,3.75,4.0,4.5,4.5,43.0,17.0,33.0,42.0,30.0,79.0,60fcd151a24a2b0184325008
695,61272733b6c8fe076880e02c,4.75,5.0,5.0,5.0,3.75,5.0,42.0,30.0,28.0,49.0,38.0,77.0,61272733b6c8fe076880e02c
696,5f74fd83ed11b81620baf105,4.15,3.75,4.75,4.75,3.75,3.75,45.0,25.0,37.0,45.0,40.0,91.0,5f74fd83ed11b81620baf105
697,5f5353ff017c5965165df065,3.75,3.5,4.5,4.75,2.5,3.5,39.0,17.0,29.0,48.0,32.0,72.0,5f5353ff017c5965165df065
698,5f0caf902693084c54afa94e,3.9,3.25,4.0,5.0,3.5,3.75,37.0,32.0,31.0,47.0,34.0,76.0,5f0caf902693084c54afa94e
699,6100481dd1b1b838ba53030f,5.0,5.0,5.0,5.0,5.0,5.0,45.0,24.0,29.0,50.0,25.0,69.0,6100481dd1b1b838ba53030f
700,5fdee4d96a36576ca62e4518,4.9,5.0,4.75,5.0,4.75,5.0,55.0,21.0,26.0,53.0,32.0,80.0,5fdee4d96a36576ca62e4518
701,60e7a66b2cb32cc90fade4e6,4.55,4.75,5.0,5.0,4.0,4.0,39.0,24.0,26.0,45.0,23.0,60.0,60e7a66b2cb32cc90fade4e6
702,5e7a2ccd69a7770604dfb352,4.35,3.5,5.0,5.0,4.75,3.5,43.0,21.0,28.0,46.0,34.0,76.0,5e7a2ccd69a7770604dfb352
703,5e83adf76ea9870c99d4b086,4.7,4.25,4.75,5.0,5.0,4.5,37.0,25.0,33.0,47.0,30.0,73.0,5e83adf76ea9870c99d4b086
704,59ed2107ae9f950001d848f6,4.45,4.25,4.75,4.5,5.0,3.75,41.0,23.0,30.0,49.0,31.0,69.0,59ed2107ae9f950001d848f6
705,5ec4b10f7e31c83a4d915cf6,3.7,3.25,3.75,5.0,3.5,3.0,40.0,25.0,30.0,49.0,37.0,79.0,5ec4b10f7e31c83a4d915cf6
706,5993020a5f49420001caf86b,3.8,3.75,3.75,5.0,3.25,3.25,37.0,26.0,29.0,48.0,38.0,86.0,5993020a5f49420001caf86b
707,5e78bf026d9a62443b9d5b74,4.1,4.25,4.0,4.5,4.0,3.75,40.0,16.0,32.0,45.0,31.0,76.0,5e78bf026d9a62443b9d5b74
708,5d2fbee1fb16450018a7a023,4.3,3.75,4.25,5.0,3.75,4.75,49.0,16.0,26.0,38.0,29.0,75.0,5d2fbee1fb16450018a7a023
709,5ed5ac56ee608714bb21075d,4.65,4.25,4.25,5.0,5.0,4.75,45.0,21.0,36.0,53.0,35.0,85.0,5ed5ac56ee608714bb21075d
710,60f83b167c76803d88b92d53,3.15,2.25,3.25,3.75,3.5,3.0,38.0,23.0,29.0,38.0,31.0,78.0,60f83b167c76803d88b92d53
711,60f5aee194921ee03173afd2,4.0,3.75,4.0,4.5,4.25,3.5,39.0,26.0,24.0,44.0,35.0,74.0,60f5aee194921ee03173afd2
712,610861a58689a23e96c1b27b,4.35,4.25,4.75,4.5,4.0,4.25,41.0,24.0,25.0,47.0,30.0,72.0,610861a58689a23e96c1b27b
713,5dd733ca946f7c6e031bb8a3,3.95,3.5,3.0,4.25,4.5,4.5,38.0,18.0,23.0,44.0,31.0,72.0,5dd733ca946f7c6e031bb8a3
714,5f62bff03a4958215b85d8bf,4.1,4.25,4.25,4.0,4.0,4.0,38.0,23.0,23.0,45.0,29.0,69.0,5f62bff03a4958215b85d8bf
715,616cdcde1e0a5a4a7b8e95ba,4.25,4.5,3.75,4.5,5.0,3.5,43.0,22.0,24.0,43.0,29.0,70.0,616cdcde1e0a5a4a7b8e95ba
716,612d18cff20cd023bd839bde,3.95,3.5,4.0,4.25,4.0,4.0,31.0,22.0,33.0,45.0,32.0,76.0,612d18cff20cd023bd839bde
717,5de7d7a6603b1b73f3944f8e,4.4,4.0,5.0,4.75,4.25,4.0,43.0,24.0,27.0,45.0,30.0,80.0,5de7d7a6603b1b73f3944f8e
718,5d0e9d1bf403080016411381,2.65,2.5,2.5,3.5,2.0,2.75,27.0,25.0,34.0,45.0,41.0,84.0,5d0e9d1bf403080016411381
719,5d37d2861566530016a061de,4.15,4.25,3.75,5.0,4.5,3.25,44.0,24.0,24.0,54.0,32.0,74.0,5d37d2861566530016a061de
720,6041a0124eb5a31a34d2e5a3,4.45,4.25,4.75,4.75,3.5,5.0,42.0,19.0,29.0,43.0,27.0,72.0,6041a0124eb5a31a34d2e5a3
721,5f233780d9463c01972da356,3.3,2.0,4.5,2.75,4.0,3.25,38.0,22.0,30.0,43.0,32.0,76.0,5f233780d9463c01972da356
722,5d4a36e8a61675000169036f,1.85,1.0,2.75,2.0,1.75,1.75,25.0,23.0,37.0,39.0,32.0,82.0,5d4a36e8a61675000169036f
723,60fd0d05d73f6bec56b9ab7c,4.95,4.75,5.0,5.0,5.0,5.0,47.0,17.0,27.0,43.0,27.0,73.0,60fd0d05d73f6bec56b9ab7c
724,5ec00f62cf12be40ea6fe344,3.95,3.25,5.0,4.5,3.75,3.25,41.0,23.0,37.0,45.0,33.0,87.0,5ec00f62cf12be40ea6fe344
725,5f372b8b5ed4a11af3a56aee,4.9,4.5,5.0,5.0,5.0,5.0,45.0,22.0,29.0,42.0,23.0,72.0,5f372b8b5ed4a11af3a56aee
726,610c300a3153e97ba26ede04,4.3,4.5,3.75,4.75,5.0,3.5,40.0,21.0,27.0,41.0,31.0,67.0,610c300a3153e97ba26ede04
727,55cc19c7fe3304000562562c,3.75,3.5,3.75,3.5,3.75,4.25,40.0,28.0,28.0,50.0,29.0,70.0,55cc19c7fe3304000562562c
728,60c52df5ae57d6d7918e76f0,4.5,4.0,5.0,5.0,4.5,4.0,46.0,21.0,21.0,51.0,29.0,64.0,60c52df5ae57d6d7918e76f0
729,610024bfd6e1038ba3b1601d,4.25,4.0,3.25,5.0,5.0,4.0,45.0,24.0,34.0,40.0,38.0,83.0,610024bfd6e1038ba3b1601d
730,5c284ae48e845b0001fc40aa,4.15,4.5,4.75,4.75,3.25,3.5,37.0,21.0,23.0,48.0,28.0,63.0,5c284ae48e845b0001fc40aa
731,59235471e937bd0001ca0245,4.0,3.25,5.0,4.75,4.0,3.0,34.0,20.0,29.0,46.0,32.0,70.0,59235471e937bd0001ca0245
732,5a9f085889de8200013f3233,4.6,4.25,5.0,4.75,4.25,4.75,46.0,23.0,30.0,47.0,28.0,70.0,5a9f085889de8200013f3233
733,616d6463aa6ae2ee832b3804,3.5,3.75,3.0,4.0,3.25,3.5,40.0,23.0,27.0,44.0,29.0,71.0,616d6463aa6ae2ee832b3804
734,56bfba439f7a1e000afdcba9,3.85,3.25,4.0,4.0,4.0,4.0,34.0,20.0,30.0,45.0,32.0,71.0,56bfba439f7a1e000afdcba9
735,5b6a87d2cda8590001db8e07,3.5,3.0,4.5,4.25,2.25,3.5,39.0,25.0,29.0,52.0,33.0,75.0,5b6a87d2cda8590001db8e07
736,5faef7fc4c8b22101ada3d1f,2.4,1.75,3.0,2.0,2.75,2.5,38.0,22.0,30.0,37.0,32.0,81.0,5faef7fc4c8b22101ada3d1f
737,5fb69cacddba6408f81a9564,4.0,4.25,4.75,3.0,3.75,4.25,43.0,19.0,26.0,44.0,27.0,69.0,5fb69cacddba6408f81a9564
738,5e6685e1ffed4c405a4db5d0,4.6,4.5,5.0,5.0,4.5,4.0,46.0,16.0,27.0,51.0,32.0,81.0,5e6685e1ffed4c405a4db5d0
739,612d68e3c29fe8ce86a5d841,3.7,2.5,3.75,4.0,4.25,4.0,34.0,22.0,30.0,41.0,20.0,65.0,612d68e3c29fe8ce86a5d841
740,5fb0a3d6a8e4224b973e750b,3.3,3.0,3.25,4.0,3.25,3.0,35.0,25.0,31.0,41.0,31.0,76.0,5fb0a3d6a8e4224b973e750b
741,592ba0926579ca0001edb7de,3.9,3.5,4.5,4.25,4.25,3.0,38.0,28.0,31.0,53.0,24.0,71.0,592ba0926579ca0001edb7de
742,604ae23075cb7165f9730564,3.55,3.5,3.25,4.0,3.5,3.5,37.0,29.0,26.0,40.0,27.0,73.0,604ae23075cb7165f9730564
743,602e3638f2520292bac1d5d9,3.85,3.25,4.75,3.0,4.25,4.0,38.0,25.0,31.0,44.0,39.0,84.0,602e3638f2520292bac1d5d9
744,5eefcccaf9461b13feb83c5e,3.6,3.5,3.75,4.25,2.75,3.75,36.0,20.0,27.0,49.0,33.0,78.0,5eefcccaf9461b13feb83c5e
745,5a84f454ae9a0b0001a9e4e5,3.2,3.0,3.25,3.5,2.5,3.75,42.0,22.0,32.0,45.0,37.0,85.0,5a84f454ae9a0b0001a9e4e5
746,5cd08e2ff59e0a0013563602,4.65,5.0,4.75,5.0,4.75,3.75,44.0,21.0,25.0,36.0,31.0,78.0,5cd08e2ff59e0a0013563602
747,614f24578db9aab4bfb2809f,4.65,3.75,5.0,5.0,4.5,5.0,42.0,25.0,32.0,55.0,36.0,78.0,614f24578db9aab4bfb2809f
748,5e59408374c953142db0510b,4.05,4.0,4.25,3.25,4.75,4.0,47.0,25.0,20.0,51.0,31.0,69.0,5e59408374c953142db0510b
749,58ab2db50da7f10001de8e34,4.2,3.75,5.0,4.75,3.75,3.75,41.0,29.0,31.0,46.0,34.0,74.0,58ab2db50da7f10001de8e34
750,61251fec7300233c5d9c5f3a,3.75,3.25,4.0,4.0,4.0,3.5,38.0,22.0,27.0,37.0,33.0,71.0,61251fec7300233c5d9c5f3a
751,60ad05e8d6b644bb0a82eb84,4.85,5.0,5.0,5.0,4.25,5.0,50.0,23.0,31.0,57.0,36.0,80.0,60ad05e8d6b644bb0a82eb84
752,5ee0dbc4b229c1091c2fa9b5,4.15,3.75,4.75,4.5,4.25,3.5,37.0,16.0,28.0,37.0,37.0,72.0,5ee0dbc4b229c1091c2fa9b5
753,5eda94f69f275211dff92234,3.7,2.75,3.75,4.25,3.75,4.0,40.0,23.0,32.0,48.0,34.0,74.0,5eda94f69f275211dff92234
754,5cca775d873e5c00012fa48d,4.35,4.0,3.0,5.0,4.75,5.0,50.0,20.0,25.0,37.0,39.0,85.0,5cca775d873e5c00012fa48d
755,5fc54af5d4630404ca86fa7e,3.25,3.25,4.0,3.75,2.0,3.25,40.0,27.0,33.0,48.0,34.0,79.0,5fc54af5d4630404ca86fa7e
756,6148d5e5f56ee71921fe6955,3.95,3.5,4.0,4.5,4.5,3.25,33.0,24.0,31.0,43.0,34.0,80.0,6148d5e5f56ee71921fe6955
757,5fb3d71c3144730009fe4a7b,4.1,3.0,3.75,4.75,4.75,4.25,42.0,25.0,30.0,41.0,38.0,85.0,5fb3d71c3144730009fe4a7b
758,601e1253bbecc3279e4fb472,3.75,3.25,4.0,4.0,4.0,3.5,42.0,19.0,25.0,41.0,28.0,73.0,601e1253bbecc3279e4fb472
759,5f4c9e74da9c148b0d42ecbd,3.9,3.75,4.0,4.0,4.0,3.75,39.0,21.0,26.0,41.0,28.0,71.0,5f4c9e74da9c148b0d42ecbd
760,5e0c6ee59a993f4400b4dfe1,4.45,4.5,4.75,5.0,3.75,4.25,45.0,20.0,31.0,46.0,36.0,83.0,5e0c6ee59a993f4400b4dfe1
761,5c47d714a8703f0001b6e780,3.9,3.25,4.0,4.0,4.25,4.0,43.0,33.0,28.0,52.0,29.0,78.0,5c47d714a8703f0001b6e780
762,578673a9275be6000135880e,3.0,2.5,2.0,3.5,4.25,2.75,35.0,26.0,29.0,38.0,41.0,85.0,578673a9275be6000135880e
763,6095fc75ab1d101e060d808b,3.25,3.0,3.25,4.0,3.25,2.75,40.0,26.0,32.0,47.0,40.0,87.0,6095fc75ab1d101e060d808b
764,5ee232f2b970662cfa352567,3.5,3.5,3.25,4.0,3.25,3.5,33.0,19.0,28.0,42.0,36.0,78.0,5ee232f2b970662cfa352567
765,602e0102c7be4d8f930bccb5,4.7,4.25,4.75,5.0,4.5,5.0,43.0,27.0,27.0,42.0,35.0,79.0,602e0102c7be4d8f930bccb5
766,608158429c601092ba23da2e,4.2,3.75,4.5,4.5,3.25,5.0,49.0,25.0,28.0,35.0,36.0,86.0,608158429c601092ba23da2e
767,60fcf05ab368fd88bb8075ad,4.05,3.5,5.0,4.25,3.5,4.0,37.0,24.0,29.0,45.0,32.0,81.0,60fcf05ab368fd88bb8075ad
768,559ad287fdf99b219a612d22,4.6,4.5,4.75,5.0,4.25,4.5,48.0,21.0,27.0,49.0,32.0,73.0,559ad287fdf99b219a612d22
769,5e3adfc595ff562fbdd130fa,3.5,3.5,4.25,4.0,3.0,2.75,40.0,24.0,32.0,49.0,34.0,81.0,5e3adfc595ff562fbdd130fa
770,6085bb66296b0a411198d8fd,4.15,4.25,3.5,4.5,4.5,4.0,48.0,24.0,28.0,48.0,34.0,79.0,6085bb66296b0a411198d8fd
771,60bb4ce0772c798d3242a78a,3.9,3.5,3.75,4.75,3.5,4.0,45.0,20.0,22.0,38.0,29.0,73.0,60bb4ce0772c798d3242a78a
772,59306fc35f170a00014358da,3.4,3.0,4.25,4.5,2.5,2.75,35.0,24.0,14.0,40.0,31.0,59.0,59306fc35f170a00014358da
773,5ef7defacaa2a1000938c1b4,4.8,4.75,4.75,5.0,4.5,5.0,48.0,22.0,23.0,49.0,27.0,66.0,5ef7defacaa2a1000938c1b4
774,60a7b54f182e4ecb0b53874a,4.3,4.0,4.0,4.75,4.25,4.5,45.0,21.0,29.0,46.0,30.0,83.0,60a7b54f182e4ecb0b53874a
775,5cb41e6bcdcbe90001b2ace4,4.25,3.75,4.75,4.75,3.75,4.25,49.0,30.0,33.0,44.0,27.0,79.0,5cb41e6bcdcbe90001b2ace4
776,612f9c9c481afebc3164e623,4.2,4.0,3.0,4.75,4.5,4.75,48.0,20.0,29.0,44.0,26.0,74.0,612f9c9c481afebc3164e623
777,6077a808b8d8534a901e5d78,2.25,1.5,2.75,2.25,3.25,1.5,26.0,15.0,29.0,37.0,30.0,76.0,6077a808b8d8534a901e5d78
778,60f4e3ab507bbb123f866e88,3.95,4.0,3.75,4.0,4.0,4.0,41.0,18.0,24.0,38.0,28.0,71.0,60f4e3ab507bbb123f866e88
779,5d4b1c73cfe6e90017ad8990,2.95,2.5,3.5,3.25,3.25,2.25,40.0,20.0,20.0,31.0,32.0,74.0,5d4b1c73cfe6e90017ad8990
780,60b97a3a8823dbdc946d8708,4.55,4.5,4.5,4.5,4.75,4.5,45.0,16.0,31.0,43.0,28.0,78.0,60b97a3a8823dbdc946d8708
781,5f68dfc4f0b95a06e45d2fad,4.9,5.0,5.0,5.0,4.5,5.0,51.0,21.0,25.0,45.0,31.0,81.0,5f68dfc4f0b95a06e45d2fad
782,610c255527970227a005623e,2.7,2.25,2.75,3.0,3.0,2.5,33.0,22.0,27.0,43.0,34.0,77.0,610c255527970227a005623e
783,614e6aae492dda7417a15396,4.15,4.75,4.75,4.5,2.75,4.0,44.0,20.0,23.0,49.0,29.0,68.0,614e6aae492dda7417a15396
784,5f0523936e93408277d06897,4.3,4.0,4.75,4.75,3.75,4.25,40.0,24.0,29.0,45.0,27.0,70.0,5f0523936e93408277d06897
785,6007776684975127676717c4,3.8,4.0,4.0,4.0,4.0,3.0,39.0,21.0,28.0,49.0,36.0,77.0,6007776684975127676717c4
786,5e57c8fe5b359d174d4f460d,4.6,4.75,4.25,4.5,5.0,4.5,53.0,24.0,27.0,48.0,24.0,74.0,5e57c8fe5b359d174d4f460d
787,60fd795a96e15917bb9966c9,4.35,4.25,4.0,5.0,4.5,4.0,36.0,29.0,25.0,45.0,31.0,70.0,60fd795a96e15917bb9966c9
788,5bb6413cb4dca50001df0096,4.4,3.75,4.75,4.5,5.0,4.0,46.0,28.0,29.0,54.0,38.0,84.0,5bb6413cb4dca50001df0096
789,5d9f0981b22ffb00118e84cd,3.75,3.0,4.0,3.5,4.0,4.25,39.0,28.0,26.0,41.0,31.0,77.0,5d9f0981b22ffb00118e84cd
790,60b8e5e521610cc7a760140d,3.7,3.25,4.75,3.5,3.25,3.75,39.0,28.0,28.0,47.0,33.0,79.0,60b8e5e521610cc7a760140d
791,5ebb96b6cd673a0008ace9ce,3.95,4.5,4.25,4.75,3.0,3.25,46.0,21.0,27.0,46.0,39.0,77.0,5ebb96b6cd673a0008ace9ce
792,611e0d3c67d86e1ff9f58428,3.25,2.5,4.0,4.0,3.25,2.5,33.0,27.0,25.0,44.0,33.0,76.0,611e0d3c67d86e1ff9f58428
793,6114d1493d0852b43237d591,4.25,4.5,4.5,4.75,3.75,3.75,35.0,18.0,24.0,46.0,35.0,64.0,6114d1493d0852b43237d591
794,6151c6e6fe892583908fc36f,3.1,3.25,3.0,4.5,1.5,3.25,51.0,27.0,30.0,41.0,38.0,84.0,6151c6e6fe892583908fc36f
795,5dd85584e2dcbd80078ad6a3,4.85,4.5,5.0,5.0,5.0,4.75,43.0,21.0,27.0,52.0,26.0,71.0,5dd85584e2dcbd80078ad6a3
796,5d4a35d65407dc001ab30a39,4.1,4.0,3.75,4.0,4.5,4.25,37.0,24.0,27.0,42.0,28.0,69.0,5d4a35d65407dc001ab30a39
797,5b57d2acbc04d60001e5e76e,3.25,4.0,4.5,3.75,3.0,1.0,29.0,29.0,18.0,47.0,32.0,61.0,5b57d2acbc04d60001e5e76e
798,593a1500771f6b00014b19a2,3.85,4.25,3.75,4.75,3.0,3.5,47.0,20.0,27.0,43.0,38.0,85.0,593a1500771f6b00014b19a2
799,60cea844a7fff29a2a57f97e,3.55,3.0,3.75,4.0,2.75,4.25,42.0,22.0,32.0,35.0,39.0,88.0,60cea844a7fff29a2a57f97e
800,6130c9c7f70b6f67907d58d5,2.6,2.25,3.0,2.25,3.0,2.5,32.0,26.0,23.0,39.0,35.0,77.0,6130c9c7f70b6f67907d58d5
801,5d1e2045a37a4d001a1fc2cb,3.5,4.5,3.5,5.0,2.0,2.5,38.0,27.0,27.0,45.0,35.0,77.0,5d1e2045a37a4d001a1fc2cb
802,61116defa9b9ab756df9c8b4,4.05,4.25,3.75,4.0,4.25,4.0,40.0,20.0,29.0,50.0,32.0,76.0,61116defa9b9ab756df9c8b4
803,5ea70b0537c5170b90ece8ac,3.75,3.25,4.75,4.0,3.0,3.75,35.0,21.0,32.0,44.0,32.0,74.0,5ea70b0537c5170b90ece8ac
804,60fef29576b6e0a83be4d54f,4.35,3.5,5.0,4.25,4.75,4.25,37.0,23.0,36.0,49.0,36.0,86.0,60fef29576b6e0a83be4d54f
805,6112746bd023f1b7da74a767,3.95,3.25,4.25,4.75,3.75,3.75,40.0,24.0,32.0,48.0,37.0,79.0,6112746bd023f1b7da74a767
806,61005b49f8382e2e24f00ef0,3.9,2.75,4.0,3.5,5.0,4.25,42.0,24.0,32.0,42.0,27.0,77.0,61005b49f8382e2e24f00ef0
807,6042d1af3821d72421873b08,3.75,3.5,3.5,4.0,4.0,3.75,35.0,24.0,27.0,42.0,28.0,73.0,6042d1af3821d72421873b08
808,5f32486253e14b0451ec5912,4.7,4.5,4.75,4.75,4.5,5.0,42.0,16.0,21.0,47.0,26.0,62.0,5f32486253e14b0451ec5912
809,5d65d503db78ac000184b1b3,4.3,4.25,4.0,4.5,4.75,4.0,49.0,27.0,33.0,40.0,30.0,81.0,5d65d503db78ac000184b1b3
810,60c99d92830a238f9d9da69a,4.35,3.5,5.0,4.5,4.75,4.0,45.0,26.0,32.0,55.0,30.0,82.0,60c99d92830a238f9d9da69a
811,5ea9d795dec14d13eb7af3d9,4.25,4.25,3.5,5.0,3.75,4.75,46.0,19.0,24.0,49.0,25.0,65.0,5ea9d795dec14d13eb7af3d9
812,6006c3373a03ec05a6868f7d,3.75,3.75,4.5,3.5,3.5,3.5,40.0,29.0,29.0,42.0,27.0,73.0,6006c3373a03ec05a6868f7d
813,5c2c6e432c45d400014a35e3,2.7,2.0,2.5,2.75,3.75,2.5,34.0,27.0,25.0,45.0,30.0,67.0,5c2c6e432c45d400014a35e3
814,611341c34be95409850e4341,4.05,3.75,3.75,4.25,4.75,3.75,43.0,23.0,25.0,43.0,31.0,73.0,611341c34be95409850e4341
815,58d7d2c2e9b6dc000129148a,3.3,2.75,3.75,4.0,3.25,2.75,42.0,21.0,37.0,50.0,35.0,87.0,58d7d2c2e9b6dc000129148a
816,611729ddf39841cce093b0ff,4.3,3.75,3.5,5.0,5.0,4.25,43.0,22.0,30.0,51.0,35.0,85.0,611729ddf39841cce093b0ff
817,5d32254ab202db00014d5d31,4.2,3.25,4.75,4.75,4.5,3.75,42.0,22.0,28.0,46.0,33.0,75.0,5d32254ab202db00014d5d31
818,5fe76396a4feb05bf1629a6c,5.0,5.0,5.0,5.0,5.0,5.0,47.0,28.0,25.0,51.0,31.0,74.0,5fe76396a4feb05bf1629a6c
819,61036b968e883dc6b02687e4,3.75,3.5,4.0,3.75,4.0,3.5,41.0,23.0,27.0,46.0,32.0,78.0,61036b968e883dc6b02687e4
820,6151d7e5e542dc73b5eaf5db,4.05,3.75,4.75,5.0,4.0,2.75,38.0,20.0,32.0,45.0,35.0,88.0,6151d7e5e542dc73b5eaf5db
821,6168e3efc08671bd92f7fd37,4.25,3.5,4.25,4.75,4.25,4.5,41.0,28.0,31.0,50.0,23.0,68.0,6168e3efc08671bd92f7fd37
822,5fefd5b2173bfbe890bc98ed,3.55,3.25,4.0,4.0,2.75,3.75,36.0,24.0,31.0,49.0,37.0,79.0,5fefd5b2173bfbe890bc98ed
823,5e4cbc5dbe510510b3d585c1,4.1,4.0,4.75,5.0,3.0,3.75,42.0,25.0,25.0,58.0,37.0,72.0,5e4cbc5dbe510510b3d585c1
824,5d84d74aba692b001d6708b3,4.2,3.5,4.75,4.0,4.75,4.0,42.0,22.0,29.0,49.0,29.0,70.0,5d84d74aba692b001d6708b3
826,60b6e664774365b5d69dc879,3.05,3.0,2.75,3.75,2.75,3.0,37.0,21.0,25.0,50.0,32.0,71.0,60b6e664774365b5d69dc879
827,5e544727059e3744ccdd4c3b,4.1,3.75,4.25,4.25,4.0,4.25,41.0,26.0,27.0,46.0,31.0,72.0,5e544727059e3744ccdd4c3b
828,61602f13625b4599a979dd37,3.75,3.0,4.25,3.75,3.75,4.0,42.0,24.0,36.0,55.0,36.0,88.0,61602f13625b4599a979dd37
829,5d269fedf6dec40019b87a59,1.1,1.0,1.0,1.0,1.5,1.0,21.0,28.0,25.0,35.0,25.0,69.0,5d269fedf6dec40019b87a59
830,5f3e5e066dfaa70464615447,4.0,3.25,3.75,4.25,4.25,4.5,38.0,29.0,29.0,44.0,39.0,87.0,5f3e5e066dfaa70464615447
831,5fad961b463be513d7486f86,4.8,4.0,5.0,5.0,5.0,5.0,51.0,24.0,25.0,51.0,31.0,84.0,5fad961b463be513d7486f86
832,6101667971d68405d105698a,4.3,3.5,5.0,4.0,5.0,4.0,39.0,23.0,33.0,45.0,38.0,80.0,6101667971d68405d105698a
833,61452bbe86c21c0347085911,4.7,4.75,4.25,5.0,4.75,4.75,41.0,29.0,28.0,43.0,31.0,82.0,61452bbe86c21c0347085911
834,61523ad1ae3acee5b3f7287b,4.5,5.0,4.5,5.0,3.5,4.5,48.0,21.0,29.0,52.0,36.0,75.0,61523ad1ae3acee5b3f7287b
835,60ff346f3f035109a4a49a5c,4.5,4.75,4.75,5.0,4.0,4.0,47.0,17.0,32.0,50.0,35.0,84.0,60ff346f3f035109a4a49a5c
836,5efe6daf6a2551378201893e,2.85,2.75,4.0,3.75,1.5,2.25,34.0,26.0,30.0,45.0,33.0,77.0,5efe6daf6a2551378201893e
837,60fddfdc3ffd5143f1d13edc,4.6,4.5,4.75,4.75,4.75,4.25,41.0,24.0,27.0,46.0,39.0,80.0,60fddfdc3ffd5143f1d13edc
838,5fff542aeed8c2065133114e,3.65,3.25,3.75,4.5,3.5,3.25,38.0,20.0,27.0,49.0,42.0,87.0,5fff542aeed8c2065133114e
839,5ec67c1f9d0f0906b783865f,4.2,4.25,4.5,4.5,3.0,4.75,44.0,16.0,23.0,46.0,26.0,62.0,5ec67c1f9d0f0906b783865f
840,60fe12b7c9174831176dfe1c,2.6,2.0,3.25,2.75,2.75,2.25,31.0,23.0,27.0,39.0,35.0,81.0,60fe12b7c9174831176dfe1c
841,5d5181fc842e8600171e5a78,4.6,4.75,4.75,4.5,4.25,4.75,41.0,23.0,24.0,49.0,29.0,65.0,5d5181fc842e8600171e5a78
842,5962ceff8474920001bd266e,3.85,4.25,4.5,4.0,2.5,4.0,43.0,21.0,24.0,44.0,30.0,67.0,5962ceff8474920001bd266e
843,5fc5c6e3dfa8ca1557012d44,4.35,4.5,4.25,4.5,4.75,3.75,40.0,15.0,25.0,48.0,32.0,69.0,5fc5c6e3dfa8ca1557012d44
844,5be8a1701664db0001d804f8,4.0,4.0,4.0,4.0,4.25,3.75,47.0,25.0,24.0,45.0,35.0,78.0,5be8a1701664db0001d804f8
845,5f85b31f696fed0562f9386a,3.6,3.75,3.5,4.25,3.5,3.0,42.0,24.0,33.0,47.0,36.0,86.0,5f85b31f696fed0562f9386a
846,5acb7b0ae1099600016acdd6,3.3,3.75,3.0,4.0,1.5,4.25,42.0,24.0,21.0,46.0,34.0,71.0,5acb7b0ae1099600016acdd6
847,5aeaff98b128a70001b72de7,4.7,4.75,5.0,5.0,4.5,4.25,45.0,16.0,32.0,53.0,35.0,82.0,5aeaff98b128a70001b72de7
848,60ca1b9201fcd80c6647a431,3.6,3.25,4.0,4.0,2.75,4.0,33.0,19.0,30.0,48.0,32.0,77.0,60ca1b9201fcd80c6647a431
849,5e987098f1bb6707dca13f5b,3.0,2.25,4.75,3.5,2.25,2.25,39.0,16.0,33.0,51.0,39.0,85.0,5e987098f1bb6707dca13f5b
850,60c7af606ba051b42a91d3ff,4.1,3.75,3.5,4.75,4.75,3.75,39.0,18.0,30.0,42.0,34.0,82.0,60c7af606ba051b42a91d3ff
851,5e5c88c3be924d475ff0fc34,1.75,2.5,1.0,2.5,1.75,1.0,22.0,23.0,23.0,36.0,31.0,60.0,5e5c88c3be924d475ff0fc34
852,5c2c189b867f660001af5dc5,4.9,4.5,5.0,5.0,5.0,5.0,49.0,24.0,27.0,55.0,40.0,78.0,5c2c189b867f660001af5dc5
853,5b2890f10ec82d0001d24b61,3.7,3.25,3.75,4.0,4.5,3.0,35.0,17.0,30.0,39.0,33.0,80.0,5b2890f10ec82d0001d24b61
854,5fc7d47e2df9df05bbb0d206,4.35,3.75,5.0,4.75,4.75,3.5,44.0,20.0,33.0,50.0,37.0,86.0,5fc7d47e2df9df05bbb0d206
855,5c50c73cecd461000198fea1,2.05,2.5,2.0,2.5,1.5,1.75,33.0,26.0,26.0,38.0,33.0,73.0,5c50c73cecd461000198fea1
856,60c0f0f05c6d322d526e7aaa,4.2,4.0,4.75,4.25,4.25,3.75,50.0,23.0,33.0,49.0,37.0,90.0,60c0f0f05c6d322d526e7aaa
857,5f6e36c7f042f033d0f97bc1,2.05,2.0,1.75,2.75,1.75,2.0,30.0,24.0,29.0,39.0,35.0,77.0,5f6e36c7f042f033d0f97bc1
858,5d652fe12ca6c80018880d19,4.35,3.75,4.25,4.5,5.0,4.25,36.0,24.0,32.0,44.0,39.0,82.0,5d652fe12ca6c80018880d19
859,61030a94522ab54d519d7540,4.1,4.0,5.0,5.0,2.75,3.75,48.0,25.0,29.0,51.0,38.0,81.0,61030a94522ab54d519d7540
860,617378aeffbba11d8971051c,4.05,4.0,4.75,5.0,3.0,3.5,47.0,26.0,31.0,49.0,34.0,80.0,617378aeffbba11d8971051c
861,60ee4077cdf4f24a1c607783,3.25,2.5,4.0,3.25,4.0,2.5,41.0,25.0,38.0,45.0,33.0,86.0,60ee4077cdf4f24a1c607783
862,5ee6706034f12e3d82d952aa,3.75,3.5,3.5,4.0,4.25,3.5,39.0,26.0,29.0,43.0,32.0,72.0,5ee6706034f12e3d82d952aa
863,5d5af833f35ed70001e17a5c,4.7,5.0,4.75,5.0,4.75,4.0,44.0,24.0,31.0,45.0,36.0,72.0,5d5af833f35ed70001e17a5c
864,611bd81e48f3e71061c13908,4.3,4.0,4.25,4.5,4.5,4.25,42.0,22.0,32.0,41.0,30.0,82.0,611bd81e48f3e71061c13908
865,5df3512f6552ef236f57ed05,4.1,3.5,3.5,4.5,5.0,4.0,50.0,26.0,28.0,44.0,33.0,83.0,5df3512f6552ef236f57ed05
866,608c3edc26807a430a986065,3.55,3.5,3.75,3.5,3.5,3.5,40.0,21.0,30.0,41.0,36.0,84.0,608c3edc26807a430a986065
867,614010e2fe2c7bba5f7550d5,3.6,3.5,3.75,4.0,3.25,3.5,40.0,20.0,32.0,49.0,36.0,79.0,614010e2fe2c7bba5f7550d5
868,60e5f4ebca9d0e7a4305231f,4.0,4.0,5.0,4.0,4.5,2.5,37.0,17.0,29.0,54.0,34.0,80.0,60e5f4ebca9d0e7a4305231f
869,5ba596467c0ebe0001269842,3.75,3.0,4.0,4.0,4.0,3.75,40.0,25.0,30.0,51.0,29.0,71.0,5ba596467c0ebe0001269842
870,61030ddc991c249c718415b4,4.05,4.25,3.75,3.75,4.75,3.75,44.0,23.0,30.0,45.0,34.0,84.0,61030ddc991c249c718415b4
871,60ec382554a4738b3985bce1,3.55,3.0,4.5,3.5,3.0,3.75,42.0,21.0,27.0,43.0,30.0,73.0,60ec382554a4738b3985bce1
872,60ceeec3a0bed4a1e603b8d7,2.9,2.5,3.0,3.25,2.75,3.0,34.0,22.0,29.0,42.0,31.0,78.0,60ceeec3a0bed4a1e603b8d7
873,56a93cf24020250005d62f2b,3.85,2.5,3.75,4.75,4.0,4.25,35.0,21.0,30.0,46.0,34.0,74.0,56a93cf24020250005d62f2b
874,5f744fb50bfbbd0a01cd5435,1.9,1.25,2.0,3.0,1.0,2.25,28.0,29.0,31.0,33.0,33.0,77.0,5f744fb50bfbbd0a01cd5435
875,5f179bd584e8e802ef9c187d,3.3,3.0,3.5,3.5,3.5,3.0,36.0,22.0,27.0,35.0,33.0,84.0,5f179bd584e8e802ef9c187d
876,60fd950763ee2094a0ad70c5,4.65,4.25,4.75,4.75,4.75,4.75,44.0,20.0,32.0,50.0,31.0,74.0,60fd950763ee2094a0ad70c5
877,60baf92d79364c5ab3d1f4df,4.5,4.0,5.0,5.0,5.0,3.5,48.0,26.0,26.0,55.0,41.0,84.0,60baf92d79364c5ab3d1f4df
878,6116876a64aadf8649c181a8,4.05,3.25,5.0,4.5,4.0,3.5,39.0,20.0,27.0,42.0,37.0,80.0,6116876a64aadf8649c181a8
879,60477705b440ae26c4aaf5bb,4.5,4.75,4.75,5.0,4.0,4.0,47.0,23.0,31.0,52.0,33.0,76.0,60477705b440ae26c4aaf5bb
880,610054fb2c63f8af059da342,3.75,2.5,3.75,4.25,4.25,4.0,41.0,27.0,31.0,48.0,40.0,84.0,610054fb2c63f8af059da342
881,5f75285712d5ca1a99723b3a,3.75,3.5,3.75,4.0,4.0,3.5,40.0,27.0,26.0,44.0,30.0,75.0,5f75285712d5ca1a99723b3a
882,5f3a206fc9e0015f2bdc873a,4.1,4.0,4.0,4.0,4.25,4.25,37.0,25.0,26.0,45.0,31.0,78.0,5f3a206fc9e0015f2bdc873a
883,603e97018512c2f752512f0b,4.25,4.25,4.25,4.75,3.75,4.25,45.0,17.0,26.0,47.0,30.0,70.0,603e97018512c2f752512f0b
884,608418128f63e731da705bf5,4.7,4.25,5.0,5.0,5.0,4.25,48.0,19.0,30.0,45.0,28.0,78.0,608418128f63e731da705bf5
885,5e70bf61017e070009a8a738,4.1,3.75,3.75,4.75,4.75,3.5,38.0,27.0,30.0,49.0,33.0,80.0,5e70bf61017e070009a8a738
886,5fed41e3e14422f5e308c6e5,4.5,4.75,4.5,5.0,3.25,5.0,49.0,21.0,26.0,50.0,31.0,71.0,5fed41e3e14422f5e308c6e5
887,614e0f70c4f1690a32f4b1a4,3.05,3.0,3.0,3.75,3.0,2.5,38.0,18.0,33.0,45.0,33.0,84.0,614e0f70c4f1690a32f4b1a4
888,60ae54561666056b2558ba4d,3.25,2.5,4.0,4.0,3.25,2.5,43.0,18.0,35.0,45.0,39.0,87.0,60ae54561666056b2558ba4d
889,604fd108095634f9df531179,3.95,4.0,4.75,4.25,2.75,4.0,44.0,22.0,30.0,48.0,30.0,68.0,604fd108095634f9df531179
890,5ea90a840928983752c88275,3.95,3.5,4.0,4.75,4.0,3.5,36.0,23.0,32.0,46.0,35.0,76.0,5ea90a840928983752c88275
891,5e9f877ee0b0960f3d2b6d30,2.65,3.25,2.25,3.75,1.5,2.5,34.0,26.0,38.0,37.0,36.0,86.0,5e9f877ee0b0960f3d2b6d30
892,55f5f57f32af740012171ce6,4.25,3.75,4.0,5.0,4.25,4.25,39.0,22.0,29.0,50.0,33.0,74.0,55f5f57f32af740012171ce6
893,5e89ce643ac81466c24cb5d8,4.0,3.5,4.75,4.5,4.0,3.25,33.0,25.0,34.0,44.0,40.0,83.0,5e89ce643ac81466c24cb5d8
894,60fce156003127285462a3bb,4.35,3.5,4.25,4.75,5.0,4.25,43.0,19.0,27.0,41.0,30.0,71.0,60fce156003127285462a3bb
895,5d3522b6eac3d50017df02cb,3.75,3.5,3.75,4.25,3.5,3.75,37.0,22.0,32.0,47.0,35.0,82.0,5d3522b6eac3d50017df02cb
896,5fc00932d6371d37ee128423,4.4,3.75,5.0,4.75,4.25,4.25,36.0,21.0,30.0,47.0,33.0,82.0,5fc00932d6371d37ee128423
897,5d61798f7ad20f001b74922e,4.25,3.75,4.25,4.5,4.75,4.0,35.0,23.0,32.0,49.0,35.0,77.0,5d61798f7ad20f001b74922e
898,600b813872c63b236d029ca1,3.35,4.25,4.0,3.75,1.75,3.0,33.0,19.0,22.0,41.0,31.0,65.0,600b813872c63b236d029ca1
899,6029b0e17f3b5d944ab183f1,3.8,4.0,3.25,4.75,3.0,4.0,35.0,19.0,27.0,37.0,29.0,72.0,6029b0e17f3b5d944ab183f1
900,5f6c102b6ec04317fc9a8127,3.75,4.5,3.0,3.75,3.5,4.0,42.0,25.0,27.0,39.0,28.0,70.0,5f6c102b6ec04317fc9a8127
901,5deb638bff7f7126d6fb5142,3.65,3.75,4.25,4.0,3.25,3.0,47.0,18.0,29.0,46.0,33.0,81.0,5deb638bff7f7126d6fb5142
902,61686f8376bd6ff59ea15479,4.45,4.5,4.5,5.0,4.25,4.0,40.0,19.0,31.0,46.0,33.0,80.0,61686f8376bd6ff59ea15479
903,603c92ad5ed1c29cf04476ca,4.1,4.0,4.0,4.0,4.5,4.0,46.0,20.0,28.0,44.0,39.0,84.0,603c92ad5ed1c29cf04476ca
904,5fcc103fb2ab80a01f32f7ae,4.8,4.75,5.0,5.0,5.0,4.25,42.0,19.0,30.0,51.0,36.0,74.0,5fcc103fb2ab80a01f32f7ae
905,6095d1be2f663b205d047133,3.4,3.0,4.0,4.0,3.25,2.75,37.0,22.0,35.0,45.0,38.0,92.0,6095d1be2f663b205d047133
906,5a35ecbf57d4450001236fd3,3.9,3.75,4.75,4.25,3.25,3.5,34.0,21.0,33.0,46.0,34.0,76.0,5a35ecbf57d4450001236fd3
907,5ec45c746b77e9164f4cdac8,3.9,3.75,4.0,4.0,4.0,3.75,44.0,21.0,29.0,41.0,36.0,80.0,5ec45c746b77e9164f4cdac8
908,5f038dc85819b15b08840dfd,2.1,2.25,1.75,2.25,1.5,2.75,31.0,21.0,26.0,41.0,41.0,83.0,5f038dc85819b15b08840dfd
909,5e5fee8544f18332d7cbf7b6,3.55,3.75,3.25,4.0,4.0,2.75,33.0,24.0,26.0,43.0,39.0,71.0,5e5fee8544f18332d7cbf7b6
910,5f5aa60bef062519ff711fe6,4.15,4.0,3.5,4.5,4.25,4.5,48.0,17.0,31.0,42.0,32.0,85.0,5f5aa60bef062519ff711fe6
911,5dd3eaabfef7c23d3f95d252,4.3,4.75,3.75,5.0,4.25,3.75,50.0,22.0,22.0,48.0,41.0,84.0,5dd3eaabfef7c23d3f95d252
912,5f36c2894b7d680d5ce8d551,1.2,1.0,1.25,1.5,1.0,1.25,33.0,21.0,21.0,38.0,34.0,79.0,5f36c2894b7d680d5ce8d551
913,5e2f4df549436751a44c8d8e,4.4,4.25,4.75,5.0,3.5,4.5,43.0,18.0,25.0,53.0,29.0,73.0,5e2f4df549436751a44c8d8e
914,5fc2a0d49893540008bd113f,3.95,4.25,4.25,4.0,4.0,3.25,45.0,20.0,32.0,45.0,31.0,83.0,5fc2a0d49893540008bd113f
915,5f556bd46e6c4c93a5a90c77,4.05,3.75,4.0,4.75,3.5,4.25,38.0,24.0,22.0,38.0,33.0,74.0,5f556bd46e6c4c93a5a90c77
916,5b72166ef62da60001c02608,4.1,4.0,3.75,4.5,4.25,4.0,42.0,22.0,22.0,50.0,37.0,72.0,5b72166ef62da60001c02608
917,5dcefcd0307b8d05031d7264,4.5,4.0,4.75,5.0,4.5,4.25,44.0,20.0,29.0,57.0,34.0,81.0,5dcefcd0307b8d05031d7264
918,5e1c138a2bf9514062e4de6b,3.15,3.75,3.0,4.0,2.25,2.75,39.0,23.0,30.0,46.0,28.0,68.0,5e1c138a2bf9514062e4de6b
919,606604f1ca47696cf97529c0,3.95,4.0,4.25,5.0,3.25,3.25,44.0,17.0,25.0,42.0,34.0,73.0,606604f1ca47696cf97529c0
920,57bfc1beef05670001ee84c2,3.95,4.5,3.75,4.75,2.75,4.0,47.0,19.0,33.0,53.0,38.0,94.0,57bfc1beef05670001ee84c2
921,6019e00ed94edf15326f30f3,3.5,3.0,3.5,3.75,3.75,3.5,39.0,22.0,32.0,40.0,31.0,79.0,6019e00ed94edf15326f30f3
922,5bdc96a7ba6cc10001854ac8,3.85,2.75,4.0,5.0,4.5,3.0,39.0,22.0,34.0,41.0,39.0,84.0,5bdc96a7ba6cc10001854ac8
923,5d85150104ad7f00180935d1,3.5,2.5,3.5,4.25,4.5,2.75,38.0,28.0,36.0,48.0,35.0,82.0,5d85150104ad7f00180935d1
924,6116feab4bd26799d4a5a4f1,3.15,3.0,2.25,4.75,2.75,3.0,44.0,23.0,32.0,39.0,37.0,84.0,6116feab4bd26799d4a5a4f1
925,615cdea53b76a595d8c05e83,4.45,4.5,4.25,5.0,4.75,3.75,48.0,25.0,31.0,51.0,38.0,85.0,615cdea53b76a595d8c05e83
926,60d3789eaea26baa8ff53bb8,4.3,4.0,4.5,4.5,4.5,4.0,48.0,22.0,25.0,38.0,35.0,79.0,60d3789eaea26baa8ff53bb8
927,5bb239a60cc22c000146833e,3.15,3.25,2.5,3.5,3.75,2.75,34.0,19.0,36.0,43.0,39.0,88.0,5bb239a60cc22c000146833e
928,602d6f855e466a7b280d8e7d,4.0,3.75,4.25,4.0,4.0,4.0,41.0,28.0,28.0,43.0,29.0,75.0,602d6f855e466a7b280d8e7d
929,6101b52e7931fdb0317a9ae7,4.7,4.75,4.5,5.0,5.0,4.25,47.0,25.0,30.0,42.0,37.0,83.0,6101b52e7931fdb0317a9ae7
930,5db0a97f127d4000117cdfa0,3.2,3.5,2.75,3.75,3.0,3.0,37.0,23.0,27.0,39.0,32.0,68.0,5db0a97f127d4000117cdfa0
931,611835be0f28bf9aaa51745d,3.8,3.75,4.0,4.0,3.75,3.5,44.0,17.0,22.0,36.0,33.0,74.0,611835be0f28bf9aaa51745d
932,58be2fc3bfc0f4000179f3c5,3.35,3.25,3.25,3.75,3.5,3.0,36.0,23.0,28.0,45.0,32.0,74.0,58be2fc3bfc0f4000179f3c5
933,60ff86d94dfdf48d739e2160,4.4,4.25,4.5,4.75,4.75,3.75,44.0,22.0,25.0,42.0,32.0,69.0,60ff86d94dfdf48d739e2160
934,5e0f69380fb798000a199566,3.0,3.0,3.75,4.0,3.25,1.0,29.0,26.0,27.0,42.0,39.0,81.0,5e0f69380fb798000a199566
935,610800a8ce20eaab69323085,4.0,4.0,4.5,4.25,4.0,3.25,41.0,20.0,29.0,40.0,35.0,74.0,610800a8ce20eaab69323085
936,611c23757abaf647e15742ef,4.3,2.75,5.0,5.0,5.0,3.75,43.0,21.0,29.0,50.0,37.0,79.0,611c23757abaf647e15742ef
937,5fa9a3c71c6cce1cc396a057,4.65,4.5,4.25,5.0,5.0,4.5,50.0,35.0,28.0,50.0,29.0,77.0,5fa9a3c71c6cce1cc396a057
938,612eac9f6c232dc7efccc967,3.5,3.25,3.5,3.0,4.0,3.75,37.0,31.0,27.0,43.0,31.0,76.0,612eac9f6c232dc7efccc967
939,600d2374fc62894e74517f13,4.0,4.25,4.75,4.5,4.0,2.5,43.0,31.0,39.0,48.0,36.0,88.0,600d2374fc62894e74517f13
940,60ff717eb1fc0105932e89df,3.7,3.25,4.75,4.5,3.75,2.25,41.0,15.0,30.0,47.0,35.0,85.0,60ff717eb1fc0105932e89df
941,6138de7da0cd911868bd8d03,4.7,4.25,5.0,5.0,5.0,4.25,43.0,24.0,36.0,51.0,35.0,85.0,6138de7da0cd911868bd8d03
942,5f42167916548e3e557a1e6a,4.5,4.5,4.5,4.0,5.0,4.5,39.0,24.0,28.0,51.0,30.0,65.0,5f42167916548e3e557a1e6a
943,5f150625ea97521193a5f77c,4.05,3.75,4.5,3.75,4.0,4.25,47.0,24.0,26.0,49.0,36.0,80.0,5f150625ea97521193a5f77c
944,5dd4767b32288646716dc98a,4.15,4.0,4.75,4.0,4.25,3.75,41.0,31.0,33.0,41.0,33.0,85.0,5dd4767b32288646716dc98a
945,5fc8a956800c80232e0b7a32,4.8,4.25,5.0,5.0,5.0,4.75,36.0,20.0,30.0,50.0,29.0,68.0,5fc8a956800c80232e0b7a32
946,6008b418a9902d550a15d296,4.05,3.5,4.5,4.0,4.25,4.0,40.0,26.0,27.0,49.0,29.0,69.0,6008b418a9902d550a15d296
947,610325a6052741bbfb84bcd1,4.6,4.0,5.0,5.0,4.75,4.25,37.0,28.0,28.0,41.0,40.0,81.0,610325a6052741bbfb84bcd1
