"","Q158","g","F1","F2","F3","F4","F5","h2","u2"
"1","5e9f70a9eec34b1108c84413",34.4200632312414,5.82741850167337,4.61705987456163,8.14704510185745,11.6702346266226,20.0884757103143,48.0521989341575,25.9478010658425
"2","59f226a9d6380600018b2923",40.7400144776201,10.5113902062568,8.70078707333496,14.7980005458757,10.4135194138529,14.8943651493797,57.6656199497709,28.3343800502291
"3","5d338bb02381b7001761694e",36.0427708977975,3.93218074097095,6.44896232948676,17.6751888356588,8.1810066106375,20.528877373865,51.4993188284023,32.5006811715977
"5","55d35447da14d7000e95318f",52.8477464498456,12.8949376789421,15.9605836293883,12.267840770942,11.6642834140078,18.1350171442644,70.5422849431277,35.4577150568723
"6","5dec8925be656d35d4005320",41.1984752390719,9.52921385777304,8.57371530650714,16.8217068092319,9.68833806833253,16.6721184682746,59.4573125732073,30.5426874267927
"7","57d0a0bee3221e00015fe385",44.9591863781166,6.9964009588893,10.947102036091,14.7986744704047,14.0810563092032,18.3075949029216,62.0245706588729,34.9754293411271
"8","5b5a822e1ad8270001c4f28d",51.4104391667643,8.84354118464453,15.2763225282473,18.4054280198833,14.8506310831581,16.009885023477,71.3496152592456,36.6503847407544
"9","55b424e1fdf99b526efcf8d0",21.1061298805121,3.56640964004366,3.27042162189529,15.9301651164195,7.63352929934423,5.69948086231799,33.3914140484945,17.6085859515055
"10","612fa6644526903f736cf925",30.1721168273934,3.57996891083137,3.33789154750984,12.3151239927952,7.95086704241989,20.2460019591989,43.6925157276041,25.3074842723959
"11","5cd08e2ff59e0a0013563602",49.7547766887731,13.2264207534637,13.4066824605615,17.3197564596419,13.4672878485823,12.9776002612384,69.6120180691967,33.3879819308033
"12","5ffb8c5b60571908f3ac19fa",56.9740883559587,18.1675041096668,14.2189715722988,18.212528134667,11.3936501797842,17.5951053346383,77.9913523455255,38.0086476544745
"13","5d88db42c1d06e001a1fdcab",48.3659319213982,10.40254918478,10.3695192723292,17.5061180581937,15.3802145599026,17.312538303925,68.4644182119314,34.5355817880686
"14","56875435369319000c26947d",16.9195282451974,3.56293576593408,3.69056463392278,12.0987389328599,5.41027367520751,3.0322202685865,25.2837111613331,14.7162888386669
"15","5fe112243ce806b5704eca6e",21.4490483072074,2.9044729603113,4.50129082329559,16.5112105667396,9.00328354938156,3.46565652272161,33.3533529679139,18.6466470320861
"16","5e3adfc595ff562fbdd130fa",37.9439549552359,14.8489061683557,7.02568583198807,15.6912537057778,12.1703514214278,5.92442861252565,55.0139192445273,23.9860807554727
"17","5de5538f8fde1c4dbc951498",25.795867419389,3.00829543345604,5.29443522034079,14.967357058016,4.84049994644184,13.2046049914715,38.0326623244803,22.9673376755197
"18","5e6685e1ffed4c405a4db5d0",64.5857866724015,17.0880151581251,17.6907269764063,18.395211550698,16.7999254242926,19.1995792200538,88.0861853710613,42.9138146289387
"19","5dce29700ad506063969a4a5",60.1363723354714,15.63761333491,15.2551158763543,18.0893203197323,13.4642006655802,21.7615912965729,83.0310065568696,40.9689934431304
"20","61648bb6ad1eceeee2c056ee",46.0255114234337,5.96719840770912,12.7659339643774,17.5850972893635,14.0834494677041,16.8758488779786,65.2728240923532,33.7271759076468
"21","58d2cb10f5899100018a05b8",57.4981249005329,16.186868654856,12.9220808910127,16.9865873126255,14.6568955229027,20.3173777840563,79.8873212839869,39.1126787160131
"22","5fc8a956800c80232e0b7a32",59.7975209083283,16.6733190480873,14.97118808835,18.4095460608417,13.5170018534268,20.2161045317784,82.2156913173652,40.7843086826348
"23","574dc90512d86b000f833ab0",29.3238646608101,4.50614772379539,5.22231968551195,14.2181626057002,11.2968729637162,10.7007469166792,42.8235940605611,24.1764059394389
"24","60b91e7f81b40fd08d67baaa",33.2265288363985,11.7238285951841,4.90276638833176,13.9102431116292,13.4274547024296,5.97981587258476,48.1302518104969,22.8697481895031
"25","5e1a7114a90da52e206de7ea",55.8307523611341,17.5912041662849,14.0489369752864,16.1377001449082,6.90110817441146,22.3086118510207,76.790171813435,37.209828186565
"26","6063737f1039adcbf6428ac2",58.5349203966843,18.8939697180024,12.2831573422811,17.7736705995838,14.6364155576946,19.0859780424254,81.7869581220248,38.2130418779752
"27","5c2c62542c45d400014a32e6",15.3278896181065,2.8048645892041,3.24417977543668,3.25519343528733,7.39271303516861,4.87379704350294,21.2663822766204,10.7336177233796
"28","6101ef1676d38820d1002ef5",28.0514926851735,3.44776671726475,5.75399440582962,16.6933646675147,11.7520667976057,7.65298486757672,42.9529706503856,21.0470293496145
"29","5c82acc04fd379001524a6ae",45.268310851939,16.9203495456522,4.59212201798677,15.5760283921566,11.9171838126387,18.1195850295964,65.6112319860303,31.3887680139697
"31","6143af8721d1445864c4f6c8",50.8857915606552,18.8837779173821,6.11387024941618,17.8794825855963,10.0261663230673,22.1164062082088,72.8251411958443,36.1748588041557
"32","5f744fb50bfbbd0a01cd5435",24.124618348861,3.24778561013882,3.79896772683942,15.8019858486079,8.13749907754003,9.2238497475246,37.9184825181967,19.0815174818033
"33","5e2721b01160079464059b5c",63.9444740101807,20.1539829020934,13.8562336877926,17.429534884878,15.7526349297047,21.98852120876,89.4780504432208,39.5219495567792
"34","5f50732850c7c600098593df",61.9795082241087,16.3900545783877,16.5402631699504,18.0876687973829,15.4797836968736,19.5270845296714,86.0772957652769,39.9227042347231
"35","5ec62902bb44c16b842128f9",26.0408963394647,2.50738679085889,5.4964809003036,12.3204664676165,7.22903599548695,12.8775852400804,37.4385588222287,22.5614411777713
"36","5ee933d3280cdb2bb68165b0",35.7961437585082,16.4264317492645,3.68223470314482,5.29385186221706,16.1374351365351,7.46964762347657,48.6872179704611,22.3127820295389
"37","60255901704fd208ecdcf32b",29.4524357922321,4.77501347105082,4.9395129239836,13.8525878957787,12.4521533333186,10.0624610622198,44.1752539921043,21.8247460078957
"38","5dcea7314d51e4107516c80d",35.4147856816661,13.4841857196635,4.26355807407444,13.5196025608778,10.6241743521371,10.8839125591916,51.0645238114278,24.9354761885722
"39","5fb8bb1248d5346360a46654",46.1035160045898,16.2355978108621,5.99820761047374,16.6936910849235,8.48665464469864,20.7331300493198,66.1193152995291,32.8806847004709
"40","616ed044985dca605e572d22",28.1926412629489,4.87152200523106,3.20757825964108,6.61697972982206,7.10768889699924,19.6373731148041,39.0221729939668,21.9778270060332
"41","5c9c3ae2d40ce20014233de6",33.3435037559828,5.20679705214507,5.87050979241372,17.2500756347433,12.433179661351,12.0280614156435,50.0575537203141,25.9424462796859
"42","611d7da2640a2e31818c3e18",57.053111816644,15.6842770304494,15.4269509498678,11.6220598959779,14.0097386902643,19.6635616927425,76.8870992230188,36.1129007769812
"43","60d7558fd3a01169626ae963",31.4628211994737,4.79820710292701,2.98336712635267,7.64217306515902,9.98855230635147,21.5284302851011,44.0513156438425,24.9486843561575
"44","603b2f67a0efdd74faf90ec5",68.5913370588348,19.7480954509157,17.3964108938612,18.3567111757625,16.5374423664002,22.4434142268313,93.6525592470444,45.3474407529556
"45","615880a66bc32302998866d9",48.2614565156537,15.4987156512131,12.0148460307133,14.2198261037486,9.12898989846707,15.9252596485685,67.0067231776705,30.9932768223295
"46","6051536b3e81428095504b35",33.6269840263557,9.67457567527969,5.43293435080731,15.3911124287462,10.7374358667483,10.1407926041436,49.2372931586255,24.7627068413745
"47","578673a9275be6000135880e",26.7261537822084,5.73567195348275,6.52569200414633,15.5041140057204,3.93171303780791,9.83349283502186,39.9114271456939,20.0885728543061
"48","5d3522b6eac3d50017df02cb",40.435156600928,10.3089499915298,9.47020344761484,15.6325789315817,11.3402684255857,12.1766300631452,58.4442447279864,26.5557552720136
"49","5fb69cacddba6408f81a9564",51.715167708253,12.6253320656971,11.8276337092653,17.7895390399338,13.7304142399807,18.5698724705498,72.7889501761888,36.2110498238112
"50","5e4465013f75e52fc82f7096",35.9593465384112,11.2001764697495,6.66282745718527,16.7555388655517,10.2813269983992,9.45133390809886,52.0411008566309,25.9588991433691
"51","5b32599cc8e94a00018f22a5",36.3704121874579,12.8465356647092,5.57144822161735,13.8298143075275,10.237947106951,11.2244882540757,52.524721394243,24.475278605757
"52","5cf5134c8f8ff80019e76721",32.5151330329776,3.16951176041826,10.7517878135247,13.0761748941014,13.0687376333214,7.14692147186247,45.5589501097582,24.4410498902418
"54","5a348ea750833c0001ee9550",53.5489558815184,9.6127914310722,16.1046286733605,17.6133319731626,16.6055790124052,15.5509798376799,74.1081374466913,35.8918625533087
"55","5b7cbe9db630cf000125dffe",22.1097878386456,2.45611510520312,5.31166949865772,17.2989131558944,2.48704886642257,9.62305051899521,34.3812624658936,19.6187375341064
"56","5da7c6ecd11d560015a3d1da",47.2340584233169,14.0988195646837,14.0318855566504,7.86278656693755,8.88063461676969,16.4212656914222,62.2864508654181,27.7135491345818
"57","601c696f0370f35c7883cf99",40.8693134102708,5.81222116554289,13.1891739032462,18.1679698643379,16.7310756730821,6.05762781974998,56.9567396621058,31.0432603378942
"58","60d13c261171b69977e81f9b",35.680266850647,13.2000357678981,5.22290483092999,17.0516688761662,10.7622763261391,8.21064240116961,52.1947814503405,24.8052185496595
"59","607331e66524baf7ddfaae21",53.1332560377975,17.4515015227123,13.0240904875179,16.8614984044139,7.58733631158574,19.1518156709581,74.5344500317099,33.4655499682901
"60","61539b3fa541b182c0fadde1",38.7270512679703,16.6064907403675,7.14233400108128,17.3844088266383,8.03362983764184,7.8489968276991,55.5943432399441,26.4056567600559
"61","5d79156e0c89aa0001026dc8",31.7166393865839,7.97690642421009,5.98109275198648,16.4745836575371,10.7559722651839,8.05561799549171,47.2108667777104,22.7891332222896
"62","60fcd0f990314dce9c243fef",63.986521500866,17.1854325378982,17.2794290842501,18.3098207875016,15.0545836555042,20.5885980324206,87.3952774218568,42.6047225781432
"63","61041a3b4159985f5294a436",49.823092519555,8.85087185064003,14.2232835021277,17.3634702358229,16.2405775041745,14.5292324883411,70.6769174417069,34.3230825582931
"64","5b7aefd06c1ccb000178b710",44.0435129076121,9.76938491627588,12.5112140965489,13.9282880856962,12.9865197794149,12.5586336024702,61.3987829371749,28.6012170628251
"65","60fbed5d2532f7768e7b5a29",28.8646810503139,4.83360425850565,8.06323235468124,11.296367439187,4.54202317432955,13.1559292629532,41.5454111379595,20.4545888620404
"66","56a93cf24020250005d62f2b",49.0712571964524,15.7750693429998,6.7404633953274,14.8911754655074,13.4361377725486,20.5569531228418,69.868994301148,33.131005698852
"67","5e69873c938d32244e113c95",34.1578800769978,6.0623784324364,4.36359736297479,14.6088311474621,10.8448291224249,17.379356873555,50.8149687599345,26.1850312400655
"68","5c40bb8880392f00015e8910",62.1277162724443,16.8712702257129,16.6586504072141,17.9814448960196,13.7131779641118,20.7208821673984,86.087724579635,39.912275420365
"69","5dd42e7f35cf744223c60d1b",37.8336809754187,6.55884225173085,8.82714397332897,14.1902276908165,13.4267928627694,12.7798640437085,53.5774086581754,29.4225913418246
"70","6107a25136150db75b9219ab",38.0113567339856,14.7359301628083,3.5217874915204,12.4394068245249,13.4284094698905,12.0905295432719,54.8575198563601,25.1424801436399
"72","5dee72917309b950e5262f3a",63.7601610384568,15.9591150900063,17.0829644996467,18.0070331693506,16.9084417533998,20.4518618236233,87.3201154687282,42.6798845312718
"73","6010b744db280e455a5250bd",65.9441467104868,19.6693572110344,16.6640656922474,18.2350245035749,13.9402480250314,22.4259592409362,90.0802771148359,43.9197228851641
"74","61644b17ec9f97f7485d5624",47.5054455605076,10.0765448778315,15.8681223776028,17.5996955708138,11.0685791433361,11.937377181752,65.4028418654809,32.5971581345191
"75","5f9057735c69b00e72665f84",59.8778824994044,15.4615725434502,14.8606940204383,17.9459205623223,14.8965996312817,20.911096089371,83.5904590653032,39.4095409346968
"76","611ff6cc935b6de3fff0b896",40.8943970739028,12.8651349446531,7.2376153605043,17.2821516582179,13.9340776618207,9.84070241984274,59.731168971278,28.268831028722
"77","5c223d4a4a7e1f000137e5b9",46.9690692308953,14.8519861333276,9.07538141772919,15.4777525671238,13.0568234431168,15.0491321546944,66.6437810838752,31.3562189161248
"78","59dc458f77860e000151240e",46.1488451633741,11.967185357949,11.2703764261714,16.9723590171298,14.174716086248,12.1608461886101,66.0036800111441,29.9963199888559
"79","55ea70c37480920010aa9982",34.1205587754063,6.00842086479977,7.27916223729733,16.9705300785415,11.2182563135147,11.2569171268524,49.7870965400856,27.2129034599144
"80","614e35b2138b395a5410d87a",59.3975152179132,14.1235203485374,15.145356941735,17.9962204862189,16.1223936065537,20.2182645192338,82.4831690811624,40.5168309188376
"81","5e4e844553bc702cdf68404d",38.2132999784434,10.0173823897169,10.7037248345076,11.1295379795717,6.71447241735802,14.103325708179,52.5089957575613,26.4910042424387
"82","5e7f4d2ad29f7560f032abb9",60.0258566719794,18.3728581164403,14.8751604404012,17.4501611454585,14.2747858027662,18.3300566213662,82.8012221363093,40.1987778636907
"83","561bbdf9811d22000df3138a",56.3810007804855,13.5837084776235,15.3527563548731,18.0244466060613,15.1379417959148,17.1214966672532,77.8425058891912,38.1574941108088
"84","60a7d7b70d3cf8f48a8a490d",31.8811930919381,10.3459522365465,2.86315802188565,15.0668237305532,8.32323490428498,13.3168476524631,48.693775728139,22.306224271861
"85","5ec00f62cf12be40ea6fe344",19.1587511358022,3.3242321083044,5.54301383939139,17.0427437803576,2.43766193243984,4.06817060860467,30.9304867507118,15.0695132492882
"86","6101667971d68405d105698a",60.5828895793129,18.1215527714304,14.2353480606057,16.1697359302333,15.0497766226987,20.3499144889339,83.8040193567772,38.1959806432228
"87","5685850c333cbd000d4e042f",31.9915475243154,9.54960312186221,6.16346170624619,11.8728731827491,5.93931294439248,13.1779607722418,45.9552175990732,22.0447824009268
"88","5fb7dd473afbb1033b491811",48.0118827291711,7.15521839293099,13.358467227122,17.8897348807546,14.9194649132266,16.3869887584386,66.9064496842927,36.0935503157073
"89","5cb4c5bad44c410017960aa0",53.6921920529173,19.4415365822969,7.76162218482359,14.0175651582033,14.9263534215765,20.0910065485428,75.6319077982769,34.3680922017231
"90","5f2a12f5837dd81e5881b7cc",32.102982526422,9.05312094029876,7.04997056483127,14.491898275634,7.80758166454036,9.44148564868248,47.0256338050468,22.9743661949532
"91","6101c2aaf8555a745cfb472b",59.7531552910048,20.3804273503136,11.9223796174825,16.9631690639019,16.900287070053,17.7868304040972,83.9609065668304,37.0390934331695
"92","614f58258eaf7063aa888d90",26.0179027613097,5.47179538614419,4.00884696781042,16.483875217749,9.35778337437601,7.35204941011821,40.5328938040586,20.4671061959414
"93","5a00a8160fff620001a6b776",30.1543771443539,9.95701773417061,4.05392502175,14.9884106988085,7.04439261936355,10.6952372197349,46.1722828817189,20.8277171182811
"94","615f54a5141128cf81b7e857",19.8077753111694,3.46758213394758,4.17493216085167,4.20184472121624,5.89203853456457,10.0691466296939,26.0486729222666,15.9513270777334
"95","58ae59babb9e0f0001acb414",56.0372263192777,18.581610108434,10.3274747403321,15.5157582170066,13.6307371637348,21.0310924018282,77.9503693261666,38.0496306738334
"96","5df15bc3361a8506b94f79ed",48.5614087820062,11.3134949728687,13.031945221998,15.5924196901807,11.9284947001278,16.5701338642401,66.9894801799653,34.0105198200347
"97","588021688e1ad5000142dfdf",54.5531666390745,16.6683229107499,11.7423403137027,11.0979872953482,12.5284172376202,22.3074605461484,73.3153943200185,36.6846056799815
"99","5b4370f330bbfd000105f991",50.5796389600807,15.8718093041462,11.5198247291805,17.7637944217162,10.5553464713263,16.4522874852527,70.3881696190548,34.6118303809452
"100","606e3ddf19540080228e3a0c",52.5882536080928,17.2384505082596,10.6997931216052,14.4888742204776,14.7018905228792,16.5838723072724,74.8768643384436,31.1231356615564
"101","614bbf1e7de43dee7386fe3f",37.2137370644174,8.65668075288366,8.71896889318271,11.7053688938177,11.5842556468863,12.4668282795068,51.6845623936743,25.3154376063257
"102","5a9262251eda410001360b2c",46.5600559927818,12.5093021024091,7.31391062167466,16.6233817685931,14.2534837673258,18.4126969722215,66.940149657411,33.059850342589
"103","55d7e6f669dbc30012b6826e",41.6645651435433,14.0226072111527,9.98665733123656,14.0189592216308,6.43945389660486,14.0802914007701,59.0639503620126,25.9360496379874
"104","5faeb0771929e6000941ecc5",46.5786435930748,14.1106961920333,7.68778953007604,15.7110989247196,11.8648082599336,18.6275214196361,66.6730112973927,32.3269887026073
"105","5c2c6e432c45d400014a35e3",18.0414295612571,3.05372875632829,2.68106255324788,13.3989436466472,2.31774005677868,9.22924831026337,29.0727031849208,14.9272968150792
"106","5d612ae16512d700159face7",52.2213915087459,14.1168900451497,14.9019967140751,18.0232234778876,13.3202590047781,12.8871562282221,72.1847695419285,34.8152304580715
"107","61032274bad76a096a09f0b0",50.8131760084251,17.6661058344167,13.2958725920858,3.72100017348496,13.7942879466183,15.6535925513562,64.3841201170808,31.6158798829192
"108","611e91d3417faebad3101d08",21.5704443269825,2.54553818334432,2.36383861918969,13.1076124251117,9.04043728294571,9.1225843828675,34.3211234733467,17.6788765266533
"109","5f3d6975ef131710ed519c7a",58.6840039516265,16.9604002266262,15.0134326649383,15.6784804639776,13.8338820617263,19.2351242586548,79.9510892131288,39.0489107868712
"110","6138c2a6b71e7db9178095af",43.481453816706,12.9833853229633,8.95951975786413,16.0997810358712,12.2790337004752,12.9337335476759,62.9365233756221,28.0634766243779
"111","5e70bf61017e070009a8a738",16.1955159131497,3.2199414099871,4.36739465481825,13.4583136299601,2.95376893511937,3.03995844043897,26.2429945091983,11.7570054908017
"112","60ba2ffd080107de026041d3",29.1275426796147,4.53456751118852,2.97020806271662,16.7648583590568,14.6212018672147,9.43309106781218,45.7224912289614,22.2775087710386
"113","5fdee4d96a36576ca62e4518",49.0927786834766,8.66843117332192,12.0834790448512,18.0296631545564,14.9414873808226,17.9900801160097,69.1312381934313,35.8687618065687
"114","5755a4c33c680b00095db408",52.4710480275202,15.7410315941009,13.2626275430528,15.18475157553,14.1303134937407,14.4464230531278,71.8206885835003,36.1793114164997
"115","597fe89a1b41a20001749f57",38.8803573555873,11.9271453902456,5.96447639923951,14.7630647556791,6.8663698774769,18.1931310771499,56.1388749808854,27.8611250191146
"116","5d3899e31c8fb9001ca6183c",49.8111870894986,14.7043527499679,10.6552041042622,15.8758648278068,9.94835720528789,19.6836828409217,69.7652269789211,34.2347730210789
"117","60a55d4bb6bd9be6c95b89eb",36.2204871167405,5.70357378172651,10.2912137074256,16.376097749593,12.8625806977577,8.64788088197012,52.1412648841991,25.8587351158009
"118","5ef90b249bafa50a311593ae",31.4001671599996,3.37426159638064,9.87272392603771,14.9250238702557,6.99583854747555,11.6125920306251,45.2279333583151,23.7720666416849
"119","5b9efb73d1ff7a00013bfe84",22.2538512780929,3.35952936827601,3.140593769567,8.05844152030329,12.2134514092863,7.3333624135739,32.3684450089501,16.6315549910499
"120","5fc2a0d812bc59000b746ee5",44.6503178159036,14.5607545135012,8.24912242261072,13.2541977524508,11.5341574366976,15.9325904528125,62.615270273649,30.384729726351
"121","5fb3d71c3144730009fe4a7b",35.4952670181452,6.43359980713391,9.48065328651056,10.6276684112279,10.2063808271971,13.412008290087,48.3529842927302,26.6470157072698
"122","5ed543442db0060a955d12e1",54.1630959885991,19.6992689467484,9.20838627637861,17.3608634520557,11.9264505770351,19.4073051176074,75.7521189067496,36.2478810932504
"123","60fdab454b8c00448c10fa27",55.8632258580439,14.1917110288558,14.6285967174308,17.4708465764907,13.2035848623269,18.9034961127986,78.2746909435251,35.7253090564749
"124","60ca4cfb5c287146cad0695a",59.5019960763054,17.0031222589843,14.1901968567972,16.4395458460684,16.119796190723,19.0719196527831,80.9254307240464,41.0745692759536
"125","5d37d2861566530016a061de",30.4082521722945,4.28554545743983,6.68105541783512,16.7782680262779,15.1570216882711,5.23342764897088,45.8789128898575,22.1210871101425
"126","61006777c0074e2007e1211f",36.9875143036011,9.99157939132977,3.12098759617151,14.868477678747,9.70872256894191,19.525910757401,54.4913547069454,28.5086452930546
"127","6105a3ab3439f5af30a3777b",29.5988802707093,7.42015189706547,6.06077587925054,15.2308261276856,7.0723138907552,9.73697405707846,43.2492400392656,22.7507599607344
"128","58d7d2c2e9b6dc000129148a",22.9287200476147,2.90425414447827,3.00663424160027,2.68196706112821,14.0617437526983,9.992435825008,31.6208315944168,16.3791684055832
"129","5e544727059e3744ccdd4c3b",38.0929985906809,12.2490631810469,4.41351366693641,10.8854440225894,10.0453577485028,17.9538864539277,53.2831344703056,27.7168655296944
"130","5f556bd46e6c4c93a5a90c77",53.7375753236192,16.590463646951,13.3736521484599,11.4921476853148,15.6369071749499,15.4431819415778,71.7837309281743,35.2162690718257
"131","587674406e2f8d00015c6148",17.2279634183612,5.27065770190979,2.76415610105602,11.7509415297927,5.33453650136198,3.06111676920981,27.2205309089688,12.7794690910312
"132","6083aac9d3384eb581f4345a",29.8745400914425,5.39988142836661,4.80879105592191,14.6737835173516,8.89835810936663,13.1340653197373,43.7093785092852,24.2906214907148
"133","5eeba783164680119f2e30c7",39.9792148291119,7.16374165796077,11.9263692759883,16.9744552737757,8.72027037499568,13.426387209674,57.6003330449229,26.3996669550771
"134","5bbd033261968f0001f02bac",36.8155368046164,12.5581836017194,7.79622917549717,3.05182073886222,13.0743538100922,11.3741873854503,48.8177069896178,23.1822930103822
"135","5eaa5d8b040c211e56dc98c0",38.1254682955267,9.13564666144267,11.4066926837311,12.9758733122827,9.885231618467,9.97143723989429,53.8292080981755,24.1707919018245
"136","5df12d8b53e84603acbf5319",29.4421428497853,3.59255784895453,3.14928586810807,9.0778793738576,10.6799277664523,18.4447302601195,42.1161079797169,22.8838920202831
"137","6153feff56031fc0b414028b",51.5846191787224,12.9075796895036,13.6864206432992,10.0715239178303,15.3692913795122,17.3777037516035,68.0903563646458,34.9096436353542
"138","5e1c138a2bf9514062e4de6b",28.7579299200148,3.95681748124304,3.97403070956879,16.8740538236955,16.060117044926,6.58637505031533,43.4578429376665,23.5421570623335
"139","5e20a27f25a4d03b9ee10bc6",20.6886352026019,3.58776289667255,2.97851473940514,16.8214670932503,4.31290582851448,8.29575518414342,32.973538499543,17.026461500457
"140","615ddab1e4f013092538b6c5",25.8745804843148,3.15930414747403,5.61770623491867,14.7436097231888,7.97764988243592,9.69589723916003,39.0816280031117,19.9183719968883
"141","5ec2feeb47c4471339d3b2ce",22.2830553774684,2.64149163969128,4.0662630801413,3.51173814907455,7.24981115430036,13.8941565716483,29.9155234236269,18.0844765763731
"142","5a443812817d1800018d1179",29.1269712896977,2.83252791514584,5.56146656175828,15.9070970891549,5.44751589173103,16.7827464861674,42.7901284269303,26.2098715730697
"143","5858c6178604ae000165e66a",28.7517142363591,7.66214178668197,5.71498148879031,8.05940665155636,9.5068218710054,9.98196621052682,41.1954934503351,17.8045065496648
"144","5b40ff8b3d066d0001609b63",23.6139202869785,3.30069859859388,3.13837710623832,13.8678749382106,15.0099768057318,3.7695024935995,36.6316780787483,17.3683219212517
"145","612fcbbd5386d9edb42da147",24.9050776583307,3.75142680045559,3.49593601570572,11.3401018471515,6.08261786269313,14.4310353865955,36.3504076646841,21.6495923353159
"146","61664d58d18ca2325a81008e",38.9734552758563,4.50052510378759,9.45773386078459,10.3822854224452,12.3471127962664,18.9555844038008,53.7758549254756,29.2241450745245
"147","6126ecc3ebef11936ed8bfcb",31.0240433011437,2.76461088772432,6.08672935542655,16.1522518757102,15.1620822824881,9.26524187568391,45.4058002363034,26.5941997636966
"148","5ea0f8b65669f80008176bec",64.8696651562794,20.0677357612678,14.9722837385329,17.8011616524943,15.1850030490522,22.045652406571,89.2318515638248,42.7681484361752
"149","604fc38a4de8e6e1e0e0ea7b",38.8530083571676,9.71845981112058,7.01255920791114,17.7448931485462,8.15740181541985,16.5090770342439,57.4427200388115,28.5572799611885
"150","6105e4e2b57f170990f20593",64.6078255332437,17.6005888678286,17.2903289791522,17.5406442626688,16.4102872014485,20.0292625974593,88.0685795407725,42.9314204592275
"151","5765c0fcf2e23200017ded5e",28.4929148048987,5.35582426448103,7.80031179239144,9.32347005422078,7.10606552202423,10.8846030300468,40.0663388343742,19.9336611656258
"152","5d9eb6d611b7c400172aa975",47.6277677553023,12.7115384537942,12.3319285109646,14.8505537660443,9.92086758642222,16.8919832034056,66.1631909899,32.8368090101
"153","5ed4954aea62124652e189c9",55.3937574658778,19.6599605306072,10.0982003064769,17.8882827418727,14.8599056060163,16.7376019262077,77.2023308586409,37.7976691413591
"154","5ca8f48c5689db001729e1f4",50.3124176010341,16.8419985008802,5.45051543173244,17.6774759552593,13.9009602041184,21.2184236676728,71.5978270602017,37.4021729397983
"155","61151fdceebe67102a0983ad",17.5717360477504,3.12393256511386,2.76107102085024,11.2846168147336,8.13448573052987,3.75914205925438,27.3069780783233,14.6930219216767
"156","60e2492cefd43293dfa7d74a",58.8238953161326,15.6956711207427,15.2350786145554,17.9266605694117,12.6541323035752,20.6805110525708,81.7508838618488,39.2491161381512
"157","5c6fb7c3c114eb00018b3154",33.2761546026449,4.96297480314273,6.51307519299116,15.1523712478898,6.76480648683039,17.7608875753146,48.3234323831022,27.6765676168978
"158","559bd307fdf99b7d0e839549",28.9523757735666,9.09316311859219,3.02269009402626,14.2136859591034,6.29039180139438,12.7666300979785,44.2273937303407,21.7726062696593
"159","5fc7d47e2df9df05bbb0d206",39.910976071868,4.13415105138556,8.14351369360776,15.7584550419765,16.6587695507273,15.9766700673637,57.5280182924483,30.4719817075517
"160","5d60b5beea1c1c0001c98bf6",42.1486055616897,4.28126439152913,11.4964831575322,17.5480017575585,10.2541862185958,19.0693609927614,60.1722608804918,32.8277391195082
"161","6019a7211839d5112bf03628",41.7248817052146,14.4445742565597,8.46131104366253,16.0885176560309,7.60286483969799,13.8824145088811,58.2909536368877,29.7090463631123
"162","5e83bb0601aa8c11929fa6d4",32.0296884614887,6.46603054161655,9.04962430403832,16.186166051843,6.53402843265153,9.79104223254544,45.9185648642546,23.0814351357454
"163","56780a5a89319e0011644cb4",29.8922666511302,6.9259265246215,3.86409324680241,16.0193135678378,3.56409496960487,17.2403533030675,44.3412046456786,24.6587953543214
"164","611688156f6d22853511ffb3",48.5595592637517,8.43608672468907,13.6116775375416,17.8476865557839,13.5746411560683,16.5128062101036,68.5055601589366,34.4944398410635
"165","6063a680ba3790e15ab14ba9",39.4062673808141,9.87971390013268,9.25045198880371,17.2022763053991,9.69628222991929,12.3689031378384,56.7207571772852,28.2792428227149
"166","5b5c8d4e10aec90001ed4bee",20.2476471262816,2.33506440755249,7.65489423618807,17.3504268374222,2.26661237661185,3.56652390912228,31.9369322569266,16.0630677430734
"167","5c01d3c509e9c70001500b10",30.4390151682873,2.20996402521226,8.73542336835,15.3811620730676,10.3666561926726,9.9642791497131,44.9258993500788,24.0741006499212
"168","5c4d1a6c9ce35100019dbc88",33.6966855918843,7.97529923304123,10.0146403726053,15.9634076544225,9.05076934203903,6.48826603425098,48.4050651974515,22.5949348025485
"169","617378aeffbba11d8971051c",32.449929324408,7.29516093106214,3.31866556048228,14.4600085749691,9.56977835729747,16.319226327382,48.7760834520019,25.2239165479982
"170","5a8352feae9a0b0001a9da8f",38.6193182069796,7.28159672736988,10.4649771683238,14.8439549666367,13.8657978974165,9.6896423425199,55.0679437652997,26.9320562347003
"171","5b48f2d0ff7497000125165e",32.2737612332971,4.01189330146157,8.17818616737281,14.0785404666695,10.3643088735559,11.9182023740485,46.8612446070305,24.1387553929695
"172","5c476d19e101a500012ec201",45.203541218011,13.9740356376049,10.6557652733867,16.5144834926022,13.0644000147118,10.5624247618348,64.5928077156656,29.4071922843344
"173","5fdca41ecb769722e2266d8a",25.4430811609624,2.4554978301651,5.74580562859293,16.2723180849585,8.33292430669695,8.63420595774425,38.8215877051871,21.1784122948129
"174","5f8cbc5c355ea745e6cef2ca",43.7271870152143,15.4788465314694,4.18845178517454,9.89474864783666,13.3063146519012,19.8095979073955,60.4720996799764,30.5279003200236
"175","5f87d9bfc31a1322cfc32cbd",25.7312641592224,2.94260569392691,3.06719349416494,7.11711933495986,8.95520970556246,16.6448841215445,36.6762795026481,20.3237204973519
"176","616b175162ff5e38795d3321",63.3218265897969,14.8258119772578,17.3558166106214,18.0224968968075,16.0705288925459,21.5997383682478,86.5364727907839,43.4635272092161
"177","600e661d49a93a6ec48ebb45",28.4934874914023,4.7724248560611,4.02422760061667,16.1140572918841,8.36670580539432,12.9386900129292,43.0334045088506,22.9665954911494
"178","60a6d23be0df47aadc568e37",20.8859873697903,2.80061896750341,3.62575513772311,16.8118504061999,4.97387679462055,7.90751135086506,32.998131374522,19.001868625478
"179","6168bf103be4a9dc6dee93c4",26.4173454928452,3.15582773755796,4.35278186294958,14.6387965420624,7.39150316187294,13.1007155689603,40.1660455764657,21.8339544235343
"180","5e5080883771350caf2d9fda",51.7229932544647,13.9170752095167,9.58120787917824,16.7723758358707,15.3872683317383,19.4159951447902,72.2608370830007,37.7391629169993
"181","5dd371cada167d3773d4ee9e",62.9027048990283,15.8214890425821,15.6448922770674,18.2904506162965,16.7760607279531,21.6289003857406,85.9851629163473,44.0148370836527
"182","615dd68523c38ecff40b29b4",50.0988487307263,8.27575578479019,13.213269790455,18.0718640457886,11.5028098277973,21.4695927154708,70.2954593056822,36.7045406943178
"183","6107acfe97c63575a2344e36",41.9890490110139,3.13069924282307,14.8497068366496,16.9107531789865,14.3169042027566,11.373437124905,59.4140356674293,29.5859643325707
"184","5f985596be2ea910b23827ed",49.2880312045244,18.2054059141363,9.34579120739537,15.0543186645795,11.0202462212979,16.0017075179599,69.1949868632297,31.8050131367703
"185","5c52016a3146f80001d47b26",51.7506287102148,14.5806994753646,9.85134234352213,17.2015925661749,15.5599774873883,17.8226500965839,73.9296523634444,34.0703476365556
"186","61523ad1ae3acee5b3f7287b",32.4575743338191,12.6423125489741,3.59831792465734,2.74688438584569,2.75623960019274,21.6956548811628,42.8738016276896,22.1261983723104
"187","60fe38317cb19f2601f75e05",44.96867487328,16.9896026226516,3.57223898858788,17.2418769530566,12.3953669062141,17.9075026140569,65.700050086261,31.299949913739
"188","614dd04f946867282d817c11",55.362217546798,13.9993408300314,12.4416061985852,16.8475627381993,13.7453080638027,21.6468778103757,77.3827080115934,36.6172919884066
"189","60fdc934e81b93f92f561d76",27.868095247135,3.5542076292665,5.6129740492138,9.97374288537101,15.0528945029157,7.64318238330858,40.553288001203,20.446711998797
"190","5bbf523d83f9790001ce549a",25.0419733328601,3.39356504969937,5.01279794558736,6.87791534160053,10.9045283466913,10.2504339061931,35.7638666888162,18.2361333111838
"191","5ea8154dcfd4dd20473ed88e",48.0870102640975,18.4835631312534,9.49453114231375,13.1125788014357,15.8725767095635,9.94988528190489,66.2297852890492,30.7702147109508
"192","60a717d4240ef9af015a6258",58.2889904621137,20.0716761582394,12.2736286523689,17.6353818491815,16.7545963910493,15.2959927805776,80.8595758732825,38.1404241267175
"193","614fb4cad115bf288f786dee",43.3621153869381,15.6950604751967,8.15465418859459,17.078632220642,14.444867022719,8.06562671817536,63.474557123605,26.5254428763951
"194","5f4a7a00dc1bde60ab8f7ac5",54.7690624271279,19.116944593744,14.2247205896881,18.1339610596209,9.30870920079563,15.2601027315644,76.5854008708923,34.4145991291078
"195","5dedf0483711364928753ecd",50.5638585754853,15.0351866294702,13.2373389596162,15.9511054860422,6.94302015818932,19.1712171842895,69.7021853965016,35.2978146034984
"196","5f244e0d0d7f44018faa3938",41.5538791953976,10.5126732234105,8.89743029830402,12.1302257604996,11.9401041349241,15.6221435732823,57.7069863236042,30.2930136763957
"197","60a30f9cd72ab8c6198d1bf6",48.3970189693493,12.3108237597484,8.78415026008247,12.3053091080962,16.1126862188183,19.3732369145246,66.2526274520472,34.7473725479527
"198","58d9a79c33fef3000118abdf",20.3728737685513,3.53992831133618,5.22665817199396,12.7515812416077,5.10685279860141,5.62441590447319,30.8883494723471,17.1116505276529
"199","61672728d4ad3f70cc6a0199",45.4558367566297,12.4889205767329,8.68633390282957,13.6223532654787,13.4099852291243,16.9918498980192,64.864414658771,29.135585341229
"200","5f7058deeb83ab60bb836eae",59.9437942660427,17.4151221633185,16.5015496215025,17.2740388844463,12.378557396857,18.7659668533386,82.0322897916019,38.9677102083981
"201","56259489ed6e5a0005c80fde",62.1270194423735,16.2972885425539,17.1208640875243,18.2395609018072,16.5232870456986,17.855877156885,85.2560018370339,40.7439981629661
"202","60f592f40e80188d5bc991e8",29.2528528838466,6.54058014892193,4.1544930850696,10.426404742861,14.6829443409332,8.3660877187704,40.9199120719922,23.0800879280078
"203","6131ed11a918100d4f4a2452",48.0704914326521,7.45765064519836,15.0035350561846,16.0616340311555,12.6303559312766,16.6366858173498,67.0548580665043,32.9451419334957
"204","5c6b52dfd6c7500001a05278",51.3739741322672,15.266200678201,11.5983014952827,8.93147201601126,14.4335460933491,18.9014761170237,68.527354011163,33.472645988837
"205","610dd0f870a5bf4965e59351",54.3182896053411,20.1871128820132,4.62828507435076,17.3985854080747,16.5985835396694,21.6953177191972,76.9990514098292,39.0009485901708
"206","5a95fee189de8200013eddd4",46.0416953980767,10.7298087975801,10.4465227594542,17.6660846981719,11.7858893896488,16.8088292119242,65.2418101263353,32.7581898736647
"207","605cd1b167207b8209b39fee",28.1890865424516,5.48799136975631,3.07592345455545,14.5218376154282,2.1687033868144,19.8984279003486,42.4412692009959,23.5587307990041
"208","58d069219dbe3f0001258793",50.8012147212729,12.8712771585089,11.6363785850283,17.7605044808446,14.5886080070851,16.421006180661,70.7625582044299,36.2374417955701
"209","5a0071766e1ea9000124db35",23.2187084350452,2.90693582704606,5.47470713326332,15.7010041022276,8.59982663473806,5.29608625327997,35.241161606644,19.758838393356
"210","5eee7448b465303350093b53",31.0100906978326,7.10110985917006,5.00718883383031,10.1425562107229,5.58374466120803,17.8313572134971,43.2630789111887,24.7369210888113
"211","5dd4189ef30aa640b4e9c094",50.5510462702333,12.3161697169785,10.6872484866764,15.6278516220162,12.8462522272605,20.9980659648341,70.3559522627653,35.6440477372347
"212","5eeb19d4e0d561256d56d129",39.6644863977507,6.14918886380075,8.69260115657671,16.5988799199559,11.2635811143273,17.049890251641,56.4373773308186,31.5626226691814
"213","5e3b8f110d41ad3a7bc35019",48.618199001221,12.2274397486919,11.8823133022282,16.8760941118554,10.1256790864018,18.4289094190307,69.9167364126574,31.0832635873426
"214","60cc67809f92d570ba4dc2c5",26.122642561447,3.5160148170609,3.05268129255747,11.4735782821808,5.20063926156817,17.9777896133683,39.0008009055194,21.9991990944806
"215","5bf9bd81549c180001dab194",39.9354342741525,8.50971773452441,6.09873578081727,14.0504185367568,13.8353920238871,17.3755470515443,56.7854237014619,30.2145762985381
"216","5f1dea279f4818757f07f087",50.7660820295753,17.2151162092734,10.8704641011401,17.8233799071397,13.013871610732,13.6632006926807,71.6184758807723,33.3815241192278
"217","6016f95c56f32e8df6e841af",50.0496699916532,17.8358764318287,9.25498025525495,16.59318606039,10.140390551113,17.7926370574693,70.2512060792523,33.7487939207477
"218","607dd7414afd1bb8bce441d9",42.3647389300857,11.8261787016488,6.15850127279781,14.0248973147138,10.4230923142011,19.9991798615616,59.5278583413141,31.4721416586859
"219","604dff87be5115f1266d3963",39.9510324111953,19.5995824442936,3.96323650623199,17.1804622271067,5.79847107767351,13.1746773216357,58.5778977911854,25.4221022088146
"220","604c116bbb5f48fd0489e799",46.9267355627868,16.6306558486735,7.83983821019645,14.9054374140462,12.4982599382652,15.5470551199656,66.8549065171128,30.1450934828872
"221","6086d528a18b6ba74ce0cd10",68.6451310091189,19.9111432695885,17.5675471224833,18.3842176533777,16.8186298822122,21.7630270057229,93.3528150218396,45.6471849781604
"222","6121be9a77c602b1d877d7f0",56.4114278808189,11.777733194765,15.6505402865535,17.0677109902287,16.5183821171511,18.0865754205214,77.6891114914013,39.3108885085987
"223","5dd406d9c23e0d3e6dacc034 ",55.7122331718864,15.5060373149145,15.2373030059973,17.8945235520211,8.87523390395115,20.0691419424698,77.2115136581961,36.7884863418039
"224","559b1e92fdf99b426abb6227",24.2015587805394,6.52552451024888,5.20370270794804,9.24057584750482,4.83405730655256,9.52696880973273,34.4335482409196,18.5664517590804
"225","5c4f8e27232d020001303d05",28.9890120068078,7.92131646231764,4.80217875366786,6.03804750592174,9.39440387054478,12.5622223858178,39.9338129554231,20.0661870445769
"226","61023e0830e893bec6bd8f3c",40.5405084087393,15.1312360570514,3.17703004080468,15.4082831719949,10.2500037677251,17.4067067741812,59.5367343453427,28.4632656546574
"227","60fd60e7587e4f2e860338b4",48.8096068642048,3.5525104917276,16.8300074986283,17.8667771169507,16.0583113322458,15.4710561056661,67.9369000722751,35.0630999277249
"228","5eea49c09e6f8711b4cdf3bb",39.9433623816315,11.8288819200811,2.97026553962225,11.4999283002928,12.1273980873968,21.1134881262937,57.4635636366176,29.5364363633824
"229","58afadc49f78e200018fa48d",50.8572961516547,12.9741025971621,13.1375315550816,17.2515573133034,12.7021003555312,16.0919594443311,70.2654879188815,35.7345120811185
"230","60a17df4d93b81310ff230a5",39.133536848583,9.73785015970075,7.55864152763878,17.6216104823197,13.9380995874853,10.4961498364999,56.2290595853727,28.7709404146273
"231","610007892f2dabc60995016c",26.2945550911832,6.45851886843661,4.15588873383668,9.16763478833748,2.35104674530569,16.7414391095551,37.123323721165,20.876676278835
"232","606914247bb27e46eaf3428b",45.5827010347331,7.48567074519807,16.5717212450003,15.0292622580471,12.329160851908,11.3272433535586,62.0726312379482,29.9273687620518
"233","5abc27db68b65b00018d000f",26.142125444082,3.35594487403504,10.9979229217818,11.5429532944092,6.12507131163217,4.76261727816483,36.4312078215113,17.5687921784887
"234","615001d094ff3a75f45b36b0",43.9828820172577,17.6691567134401,9.91271316277411,12.0232591675502,8.75775291312686,11.7791951845549,60.7168228873442,26.2831771126559
"235","5ea3a20ac30a773368592f9e",57.5013627214538,11.0914735640067,14.8866721068808,18.3503140066065,16.6323215919008,20.9744131139237,78.7909602310152,42.2090397689848
"236","5f026263945c554052bf7379",37.9565376463114,15.9335455540666,4.42983105613893,13.5194208696883,6.93529847069862,14.8374974969496,54.2846332761033,26.7153667238967
"238","6152baaee07bc0fe95137cac",39.6882404836269,14.3450242009252,9.7266623689013,12.025932825799,7.45307842790682,11.2340419145321,55.5137838704536,24.4862161295464
"239","5a9c44d2f05361000172055b",33.4631699347189,4.52466826155323,9.30950238666072,13.3562399516768,10.3103685160072,11.6395823371048,48.3661181585311,24.6338818414689
"240","5f35aee96919ed5bb7697734",27.093162149479,12.0022592396716,2.96518973665118,12.0850404410743,10.7311736582925,3.30119024934997,40.5700429976478,17.4299570023522
"241","6167007b6e2a3e28b639498e",58.3826537107835,19.274138156631,15.4471767521716,14.6556369809092,8.67695645699515,20.7404503213739,79.1884348323518,36.8115651676482
"242","611a1b05104423c73d386b55",54.0880154895625,20.2037888822075,10.4776685454041,17.0558524455151,9.33923099921762,19.3294442073403,76.2266238966756,33.7733761033244
"243","614bbefcf812159d1f0bc2e3",36.0023030247493,3.71285120110011,6.17429582707221,15.0117582471023,12.4340593974852,18.3902129927265,51.5217253616063,28.4782746383937
"244","60ae54561666056b2558ba4d",41.4732937373221,16.3406076202645,3.93977900099018,17.2935722155026,10.9871619819315,14.3975251333234,61.1521777965519,28.8478222034481
"245","6100481dd1b1b838ba53030f",44.2556865407462,9.84450689612232,14.2237071115303,15.9722109979798,16.0444766986452,6.09199945685612,61.1037019226464,29.8962980773536
"246","60897a1d66afbbe1bb33a8e2",54.6265361576749,16.4055033409216,12.9367391702542,13.8776745791734,13.5812411760529,18.4492323303716,74.6904445331453,35.3095554668547
"247","5e2d3e464b8a1a33ef37b241",50.3409047498613,12.9044214524411,12.3298435464509,17.5476199764004,12.2831611692553,16.9581881481983,70.4691556118218,34.5308443881782
"248","5dd446ab87c1fd43fbb49aa1",37.935542520917,17.5976118859932,3.40272688212131,16.0653656616193,10.7265536524898,9.40768941132211,56.4146401430387,23.5853598569613
"249","60fd6f291baf2fd3c9d68e36",43.6604750695652,6.59735144035416,15.4223658758347,17.9096120341616,14.2967140906029,8.10404384559344,61.4723994282932,29.5276005717068
"250","5e04446a783225ee6e9ed929",16.8746274994482,2.74003430835621,4.22994007587242,10.5630713376919,4.52828329775337,4.76452879823481,25.2502485943887,13.7497514056113
"251","6127c6162228b9657b189855",37.1263772997536,6.519592437875,7.98588142450107,16.8692562210663,13.7942957370638,11.4294700170882,53.7286698197036,28.2713301802964
"252","5f50468c0868af1baaec306c",51.7000595779831,18.316171355028,8.10743410876792,16.4880083783574,13.7198374692325,17.9854950801855,73.8223572050112,34.1776427949888
"253","5f39eb3c94f71318adf97910",55.5220747331358,13.9938033181468,12.9258642148396,14.6716746576846,14.9407128991573,21.0548045145803,76.4414742194311,38.5585257805689
"254","614e0c53139a2a838010794c",27.8596441877388,8.36093973622905,3.35807505667732,16.7811861467205,4.70895373833062,11.8090064685119,42.8028443585358,21.1971556414643
"255","5ba78b71d60daf0001532d5b",37.1674329327075,16.7955794932194,3.64332674743855,12.9792860910536,4.47091037930198,16.5139591104162,53.4814305549328,24.5185694450672
"256","5f989fa02b5a611b2df1a305",41.1355950023382,10.2748573686732,8.71879703412194,17.5339818191956,13.0310118392494,11.8307450823527,59.160249760791,28.839750239209
"257","610b54b42cee1ac56987933e",31.0659007562115,11.9489469635206,5.05705101000381,16.0024136590749,2.82980655005727,11.5339127285558,47.0099589504882,20.9900410495118
"258","61351c3a1e3e96156bc86116",52.2405498977872,11.8022374428459,11.9656131245927,17.761220255455,13.4749569811924,20.4016443498986,71.8404411721579,38.1595588278421
"260","5ed5ac56ee608714bb21075d",40.20399568504,14.0441862037354,4.56219754203393,4.17103140664099,11.4484609877184,20.5535601740305,53.5210208530732,28.4789791469267
"261","5c3399d8cb218a000176c6c6",51.1234940327458,13.3813744815953,12.4220787046414,15.3714692876562,13.3863851181638,17.3768374300006,70.8577498979595,35.1422501020405
"262","5f3c73590bf2cbad7df6e35f",35.4888964040749,6.8850721746181,8.28840883263665,15.2422172596638,11.7695194409067,10.8950051773433,50.3917743446071,27.6082256553929
"263","5be8de2ed3560900015c743a",44.8835061732116,16.1863697506725,4.00541433559537,17.1740756249397,16.0912810174887,14.5562100523169,65.3532447174241,31.6467552825759
"264","5b0029933c08a1000156662c",41.9076499585775,13.729448736157,9.10742101882365,14.8365639203328,12.3797930097575,10.0211451491844,59.5145019698799,27.4854980301201
"265","5fe11e55e66d7fb4fe5629d5",65.135051282088,19.8968073659028,15.1794174885793,17.9498052841715,15.231217542171,22.1984786625327,89.9905019626164,42.0094980373836
"266","611285de4477f8152efce6e8",45.4888099547634,6.05623888386408,10.7091465000979,14.4216203018496,15.4161912850631,19.5175358672029,62.8569117735006,35.1430882264994
"267","5c1053202b16ba0001c86317",17.6805764482704,2.92746507572933,3.07917731164387,16.7624918315487,5.24825734575824,3.71386848287565,29.6316116198207,14.3683883801793
"268","5d26aaf4665b0a00174b8f03",38.0989363870521,8.08938076806676,5.80526919383807,16.7787955398429,9.27810072488082,18.7410936247354,55.8640725305349,30.1359274694651
"269","61bb38b540db417c1a138ce7",38.2549964675831,17.3326792509421,3.96875427070997,16.547043482589,5.20504295076095,14.4158271862717,55.8428633151663,26.1571366848336
"270","60f0ae9c7798b3360564605a",49.6322081860708,3.5143023110839,14.5290762082244,18.064078646888,16.2000190648037,20.1010591217119,68.8587709418431,38.1412290581569
"271","5eac65aec4ed450f4df4868f",43.4279093862013,7.0934050077469,12.4313566459664,17.486184832103,12.2654746604534,14.0382875159852,62.1603051701301,30.8396948298699
"272","6009a44e7fcfa0016fe05284",21.2486039252611,2.76281337250769,3.86111615050988,9.55276755743646,3.76377899089884,12.9158474941633,30.369047890341,18.630952109659
"273","6078b4ad9006e4f6572dde97",38.5329259014599,13.0909417349053,6.90190946771337,6.32256897704557,11.1973690384855,14.7943983080278,51.4817793964891,27.5182206035109
"274","5f2736722eb8e2518d269b3f",39.6636134227445,7.2225515296123,8.66002779682161,17.6570010545168,12.4765618239028,14.0597220203,58.3268680176785,28.6731319823215
"275","60f881570b5129e5cf863e93",35.6403872796612,4.48287737924581,8.37793128216359,12.9517488410645,12.387728144437,14.5116920347302,50.5687075835082,27.4312924164918
"276","60fcec383dab931ff7a69163",60.1048656219733,17.4692691846016,13.3060443651882,17.8570570407543,15.6163527293303,20.5377896306945,84.1629139882676,39.8370860117324
"277","5c3517a567013e0001eff811",33.9529343998831,14.565922889148,3.20462344769509,14.7686647797517,4.22507263868017,14.6536180685174,50.4517870320148,23.5482129679852
"278","5e01570d9b92b1d2a3936dd6",52.8367764221673,13.3099255059838,11.2298797660622,17.4418623359633,15.0718534700658,19.1632240690541,75.698804187783,34.301195812217
"279","615a52dc1023ec320abdd0b6",41.460794763133,12.4034707663771,6.61213147127438,17.1507541368411,8.98605407364371,17.0803549113126,60.2415599202847,29.7584400797153
"280","5baa8cafc67122000123cab1",60.776902661814,14.7644345237862,16.3973594197021,18.0955304384436,14.9574050731586,20.5306926256983,84.939626786149,39.060373213851
"282","6112cc420c68ea993ade2533",57.7589504519731,13.4417434999877,14.1532300300073,17.9945733513883,15.8858432887522,20.4793356435617,80.4869889021977,39.5130110978023
"283","5ff3b5986d65c5a24eebd036",28.5091207495778,3.4776569847016,3.93555455064407,15.5909520951161,9.25216371227293,14.1169238327382,41.7930632094751,25.2069367905249
"284","60fef776764b4a937769f84e",41.8879955575991,13.9283810181122,3.33560461475479,16.976803086636,12.0061332279963,18.1254716222948,62.0584637204825,29.9415362795175
"285","61560db6a537f0c454b23db0",36.6579459277042,11.3266430976975,5.50779070979391,17.027046847415,11.4709600192691,10.8396986139036,54.5422885924108,25.4577114075892
"286","5c5c75d6329ee20001083061",40.9812769773699,18.65746190098,4.11130829833593,7.0392991061501,5.73411611007565,20.7487588864703,56.356977657296,26.643022342704
"287","5d49fe88818c95001d3c42c6",34.7292837795763,7.97273802599232,6.49543525685099,17.7467675032834,10.8337099261123,10.9143087512926,49.7342057630582,29.2657942369418
"288","6100d12602dbc013bf326e62",50.2500041246482,17.3441189275735,8.11523485456411,15.7449735800208,10.6896560336011,20.3832799546639,72.0558595943905,32.9441404056095
"289","611d2052a2e24732a40fe5c6",31.2114613685402,11.5723305258576,5.57534705256745,10.9217444326975,6.02483484441212,10.8468750927518,44.286765054423,21.713234945577
"290","5e500ab1ec45d305b6b82d9f",48.0457524942135,6.83717222999676,15.7071795647146,17.7090709941279,15.9605452899404,12.215365684367,66.5598819599973,34.4401180400027
"291","60fcbd199a46e6cdec74aedb",53.7396208993812,13.6481385954506,13.8542630576673,10.1836517431745,12.4647258724498,22.078196582576,70.7407047011908,37.2592952988091
"293","60dca5d351d99ef73b2f8994",24.1384956598126,2.87633357062138,2.9692638401602,5.72745825196265,9.98716219465539,14.2645003504804,34.2544962528846,18.7455037471154
"294","60fcb8dd8973c23767efec22",47.5817535194595,9.48427001947614,13.9125859039475,16.150850450495,11.802754307484,15.8793358331205,67.0339359470904,30.9660640529096
"295","61637bc716d398a46fe8e92c",52.979899766239,19.9903200006757,8.57592013141266,15.9201186886702,14.977586889522,16.0891054522369,74.224087435286,34.775912564714
"296","5bfb2656cad1240001e8e8a8",20.3113710429227,2.62173060283032,4.81608633210903,17.2931014177089,4.70965895912958,5.43594131265538,31.5795295836804,18.4204704163196
"297","611267d44fb8536ce68fe464",51.4928199809302,14.1637424710575,13.1378256798478,17.192883505996,12.1862594801346,16.0627727474462,71.2826885310808,35.7173114689192
"298","60e9dd69a621497f1f8d3c2b",55.853034076381,11.8864490335918,16.6438368706558,17.2081221830854,10.0063161006275,21.8118251965424,75.408720494043,39.591279505957
"299","5b954f10754b700001f06bf0",39.1347063255405,11.4589635686584,5.64238407521834,15.6751657098128,12.8613277915055,13.390561017006,56.8967026494073,28.1032973505928
